{
    "name": "root",
    "gauges": {
        "AgentController.Policy.Entropy.mean": {
            "value": 1.3868979215621948,
            "min": 1.3868979215621948,
            "max": 1.4189382791519165,
            "count": 9
        },
        "AgentController.Policy.Entropy.sum": {
            "value": 21302.751953125,
            "min": 21302.751953125,
            "max": 21794.892578125,
            "count": 9
        },
        "AgentController.Step.mean": {
            "value": 129984.0,
            "min": 9984.0,
            "max": 129984.0,
            "count": 13
        },
        "AgentController.Step.sum": {
            "value": 129984.0,
            "min": 9984.0,
            "max": 129984.0,
            "count": 13
        },
        "AgentController.Policy.ExtrinsicValueEstimate.mean": {
            "value": -0.006518056616187096,
            "min": -0.13656803965568542,
            "max": -0.006518056616187096,
            "count": 13
        },
        "AgentController.Policy.ExtrinsicValueEstimate.sum": {
            "value": -1.0233348608016968,
            "min": -21.30461311340332,
            "max": -1.0233348608016968,
            "count": 13
        },
        "AgentController.IsTraining.mean": {
            "value": 1.0,
            "min": 1.0,
            "max": 1.0,
            "count": 13
        },
        "AgentController.IsTraining.sum": {
            "value": 1.0,
            "min": 1.0,
            "max": 1.0,
            "count": 13
        },
        "AgentController.Losses.PolicyLoss.mean": {
            "value": 0.1901998190531518,
            "min": 0.14961748218829227,
            "max": 0.25556484037880534,
            "count": 8
        },
        "AgentController.Losses.PolicyLoss.sum": {
            "value": 0.1901998190531518,
            "min": 0.14961748218829227,
            "max": 0.25556484037880534,
            "count": 8
        },
        "AgentController.Losses.ValueLoss.mean": {
            "value": 0.00012987922145245455,
            "min": 0.00012987922145245455,
            "max": 0.002387311907761437,
            "count": 8
        },
        "AgentController.Losses.ValueLoss.sum": {
            "value": 0.00012987922145245455,
            "min": 0.00012987922145245455,
            "max": 0.002387311907761437,
            "count": 8
        },
        "AgentController.Policy.LearningRate.mean": {
            "value": 0.00022627202457600005,
            "min": 0.00022627202457600005,
            "max": 0.000290784003072,
            "count": 8
        },
        "AgentController.Policy.LearningRate.sum": {
            "value": 0.00022627202457600005,
            "min": 0.00022627202457600005,
            "max": 0.000290784003072,
            "count": 8
        },
        "AgentController.Policy.Epsilon.mean": {
            "value": 0.17542400000000002,
            "min": 0.17542400000000002,
            "max": 0.19692800000000002,
            "count": 8
        },
        "AgentController.Policy.Epsilon.sum": {
            "value": 0.17542400000000002,
            "min": 0.17542400000000002,
            "max": 0.19692800000000002,
            "count": 8
        },
        "AgentController.Policy.Beta.mean": {
            "value": 0.0005,
            "min": 0.0005,
            "max": 0.0005,
            "count": 8
        },
        "AgentController.Policy.Beta.sum": {
            "value": 0.0005,
            "min": 0.0005,
            "max": 0.0005,
            "count": 8
        }
    },
    "metadata": {
        "timer_format_version": "0.1.0",
        "start_time_seconds": "1728912628",
        "python_version": "3.9.13 (tags/v3.9.13:6de2ca5, May 17 2022, 16:36:42) [MSC v.1929 64 bit (AMD64)]",
        "command_line_arguments": "G:\\Documents\\Code\\Reinforcement-learning-Hockey\\Hockey\\venv\\scripts\\mlagents-learn AgentController.yaml --run-id=TestRun8",
        "mlagents_version": "0.30.0",
        "mlagents_envs_version": "0.30.0",
        "communication_protocol_version": "1.5.0",
        "pytorch_version": "2.4.1+cpu",
        "numpy_version": "1.21.2",
        "end_time_seconds": "1728913000"
    },
    "total": 371.6273731,
    "count": 1,
    "self": 0.004198400000007041,
    "children": {
        "run_training.setup": {
            "total": 0.08038870000000031,
            "count": 1,
            "self": 0.08038870000000031
        },
        "TrainerController.start_learning": {
            "total": 371.542786,
            "count": 1,
            "self": 0.010487400000329217,
            "children": {
                "TrainerController._reset_env": {
                    "total": 29.8138517,
                    "count": 1,
                    "self": 29.8138517
                },
                "TrainerController.advance": {
                    "total": 341.63263729999966,
                    "count": 581,
                    "self": 0.011365999999327414,
                    "children": {
                        "env_step": {
                            "total": 149.01862929999993,
                            "count": 581,
                            "self": 148.03291029999994,
                            "children": {
                                "SubprocessEnvManager._take_step": {
                                    "total": 0.9795090999999303,
                                    "count": 581,
                                    "self": 0.07157249999963611,
                                    "children": {
                                        "TorchPolicy.evaluate": {
                                            "total": 0.9079366000002942,
                                            "count": 581,
                                            "self": 0.9079366000002942
                                        }
                                    }
                                },
                                "workers": {
                                    "total": 0.006209900000065716,
                                    "count": 580,
                                    "self": 0.0,
                                    "children": {
                                        "worker_root": {
                                            "total": 279.89513309999984,
                                            "count": 580,
                                            "is_parallel": true,
                                            "self": 198.2820637000001,
                                            "children": {
                                                "steps_from_proto": {
                                                    "total": 0.009339100000001821,
                                                    "count": 1,
                                                    "is_parallel": true,
                                                    "self": 0.0005420999999969922,
                                                    "children": {
                                                        "_process_rank_one_or_two_observation": {
                                                            "total": 0.008797000000004829,
                                                            "count": 4,
                                                            "is_parallel": true,
                                                            "self": 0.008797000000004829
                                                        }
                                                    }
                                                },
                                                "UnityEnvironment.step": {
                                                    "total": 81.60373029999974,
                                                    "count": 580,
                                                    "is_parallel": true,
                                                    "self": 1.5636048999999304,