{
    "name": "root",
    "gauges": {
        "AgentController.Policy.Entropy.mean": {
            "value": 1.4197676181793213,
            "min": 1.4197676181793213,
            "max": 1.5007632970809937,
            "count": 50
        },
        "AgentController.Policy.Entropy.sum": {
            "value": 14162.181640625,
            "min": 13748.251953125,
            "max": 16912.390625,
            "count": 50
        },
        "AgentController.Environment.EpisodeLength.mean": {
            "value": 31.82520325203252,
            "min": 28.184738955823292,
            "max": 52.08267716535433,
            "count": 50
        },
        "AgentController.Environment.EpisodeLength.sum": {
            "value": 7829.0,
            "min": 6931.0,
            "max": 13229.0,
            "count": 50
        },
        "AgentController.Step.mean": {
            "value": 499990.0,
            "min": 9967.0,
            "max": 499990.0,
            "count": 50
        },
        "AgentController.Step.sum": {
            "value": 499990.0,
            "min": 9967.0,
            "max": 499990.0,
            "count": 50
        },
        "AgentController.Policy.ExtrinsicValueEstimate.mean": {
            "value": 0.8125901222229004,
            "min": 0.7516404390335083,
            "max": 0.9872050285339355,
            "count": 50
        },
        "AgentController.Policy.ExtrinsicValueEstimate.sum": {
            "value": 236.46372985839844,
            "min": 217.22409057617188,
            "max": 309.5227966308594,
            "count": 50
        },
        "AgentController.Environment.CumulativeReward.mean": {
            "value": 1.2664163407318445,
            "min": 0.9429764786260385,
            "max": 1.2664163407318445,
            "count": 50
        },
        "AgentController.Environment.CumulativeReward.sum": {
            "value": 310.27200347930193,
            "min": 240.45900204963982,
            "max": 357.2750051021576,
            "count": 50
        },
        "AgentController.Policy.ExtrinsicReward.mean": {
            "value": 1.2664163407318445,
            "min": 0.9429764786260385,
            "max": 1.2664163407318445,
            "count": 50
        },
        "AgentController.Policy.ExtrinsicReward.sum": {
            "value": 310.27200347930193,
            "min": 240.45900204963982,
            "max": 357.2750051021576,
            "count": 50
        },
        "AgentController.Losses.PolicyLoss.mean": {
            "value": 0.2468274885802622,
            "min": 0.2366280941450557,
            "max": 0.25078630048493633,
            "count": 50
        },
        "AgentController.Losses.PolicyLoss.sum": {
            "value": 19.25254410926045,
            "min": 17.545175941335092,
            "max": 20.062904038794905,
            "count": 50
        },
        "AgentController.Losses.ValueLoss.mean": {
            "value": 0.03339338759490166,
            "min": 0.009990309622274374,
            "max": 0.04348002751448079,
            "count": 50
        },
        "AgentController.Losses.ValueLoss.sum": {
            "value": 2.604684232402329,
            "min": 0.7792441505374011,
            "max": 3.30448209110054,
            "count": 50
        },
        "AgentController.Policy.LearningRate.mean": {
            "value": 3.024568222612819e-06,
            "min": 3.024568222612819e-06,
            "max": 0.0002969686373740909,
            "count": 50
        },
        "AgentController.Policy.LearningRate.sum": {
            "value": 0.00023591632136379988,
            "min": 0.00023591632136379988,
            "max": 0.023281657439447594,
            "count": 50
        },
        "AgentController.Policy.Epsilon.mean": {
            "value": 0.10100815641025643,
            "min": 0.10100815641025643,
            "max": 0.1989895454545455,
            "count": 50
        },
        "AgentController.Policy.Epsilon.sum": {
            "value": 7.878636200000002,
            "min": 7.8295056,
            "max": 15.760552400000002,
            "count": 50
        },
        "AgentController.Policy.Beta.mean": {
            "value": 0.0005000000000000001,
            "min": 0.0005,
            "max": 0.0005000000000000001,
            "count": 50
        },
        "AgentController.Policy.Beta.sum": {
            "value": 0.03900000000000001,
            "min": 0.036000000000000004,
            "max": 0.04000000000000001,
            "count": 50
        },
        "AgentController.IsTraining.mean": {
            "value": 1.0,
            "min": 1.0,
            "max": 1.0,
            "count": 50
        },
        "AgentController.IsTraining.sum": {
            "value": 1.0,
            "min": 1.0,
            "max": 1.0,
            "count": 50
        }
    },
    "metadata": {
        "timer_format_version": "0.1.0",
        "start_time_seconds": "1729793391",
        "python_version": "3.10.0 (v3.10.0:b494f5935c, Oct  4 2021, 14:59:20) [Clang 12.0.5 (clang-1205.0.22.11)]",
        "command_line_arguments": "/Users/kentonlarsson/Desktop/TNM114/Reinforcement-learning-Hockey/Hockey/venv/bin/mlagents-learn AgentController.yaml --initialize-from FreshTest4 --run-id=FreshTest44",
        "mlagents_version": "0.30.0",
        "mlagents_envs_version": "0.30.0",
        "communication_protocol_version": "1.5.0",
        "pytorch_version": "2.2.2",
        "numpy_version": "1.21.2",
        "end_time_seconds": "1729796112"
    },
    "total": 2721.828583979979,
    "count": 1,
    "self": 0.04091421002522111,
    "children": {
        "run_training.setup": {
            "total": 0.21482960088178515,
            "count": 1,
            "self": 0.21482960088178515
        },
        "TrainerController.start_learning": {
            "total": 2721.572840169072,
            "count": 1,
            "self": 0.4231454571709037,
            "children": {
                "TrainerController._reset_env": {
                    "total": 23.81680722301826,
                    "count": 1,
                    "self": 23.81680722301826
                },
                "TrainerController.advance": {
                    "total": 2697.1858507317957,
                    "count": 15457,
                    "self": 0.3618102332111448,
                    "children": {
                        "env_step": {
                            "total": 1902.8015614869073,
                            "count": 15457,
                            "self": 1892.4366158822086,
                            "children": {
                                "SubprocessEnvManager._take_step": {
                                    "total": 10.142636940814555,
                                    "count": 15457,
                                    "self": 0.7687786233145744,
                                    "children": {
                                        "TorchPolicy.evaluate": {
                                            "total": 9.37385831749998,
                                            "count": 6687,
                                            "self": 9.37385831749998
                                        }
                                    }
                                },
                                "workers": {
                                    "total": 0.2223086638841778,
                                    "count": 15457,
                                    "self": 0.0,
                                    "children": {
                                        "worker_root": {
                                            "total": 2698.5499191274866,
                                            "count": 15457,
                                            "is_parallel": true,
                                            "self": 837.8072910129558,