{
    "name": "root",
    "gauges": {
        "AgentController.Policy.Entropy.mean": {
            "value": 1.4246360063552856,
            "min": 1.418705701828003,
            "max": 1.4246387481689453,
            "count": 50
        },
        "AgentController.Policy.Entropy.sum": {
            "value": 14565.478515625,
            "min": 13078.7138671875,
            "max": 19612.1875,
            "count": 50
        },
        "AgentController.Environment.EpisodeLength.mean": {
            "value": 516.3333333333334,
            "min": 70.0,
            "max": 3067.277777777778,
            "count": 38
        },
        "AgentController.Environment.EpisodeLength.sum": {
            "value": 4647.0,
            "min": 70.0,
            "max": 276055.0,
            "count": 38
        },
        "AgentController.Step.mean": {
            "value": 499982.0,
            "min": 9974.0,
            "max": 499982.0,
            "count": 50
        },
        "AgentController.Step.sum": {
            "value": 499982.0,
            "min": 9974.0,
            "max": 499982.0,
            "count": 50
        },
        "AgentController.Policy.ExtrinsicValueEstimate.mean": {
            "value": 0.06812752038240433,
            "min": -0.23532018065452576,
            "max": 0.14549028873443604,
            "count": 50
        },
        "AgentController.Policy.ExtrinsicValueEstimate.sum": {
            "value": 10.968530654907227,
            "min": -37.41590881347656,
            "max": 24.23600959777832,
            "count": 50
        },
        "AgentController.Environment.CumulativeReward.mean": {
            "value": 0.9938044468742899,
            "min": -1.0227000009035692,
            "max": 0.9991599781205878,
            "count": 38
        },
        "AgentController.Environment.CumulativeReward.sum": {
            "value": 8.944240021868609,
            "min": -57.31205891724676,
            "max": 26.900999798323028,
            "count": 38
        },
        "AgentController.Policy.ExtrinsicReward.mean": {
            "value": 0.9938044468742899,
            "min": -1.0227000009035692,
            "max": 0.9991599781205878,
            "count": 38
        },
        "AgentController.Policy.ExtrinsicReward.sum": {
            "value": 8.944240021868609,
            "min": -57.31205891724676,
            "max": 26.900999798323028,
            "count": 38
        },
        "AgentController.Losses.PolicyLoss.mean": {
            "value": 0.03324046303505383,
            "min": 0.023270849346772593,
            "max": 0.040996558546491244,
            "count": 50
        },
        "AgentController.Losses.PolicyLoss.sum": {
            "value": 0.16620231517526918,
            "min": 0.05730296874874814,
            "max": 0.17974257182140718,
            "count": 50
        },
        "AgentController.Losses.ValueLoss.mean": {
            "value": 0.008029792594606988,
            "min": 0.00010924637545031146,
            "max": 0.08153276439900635,
            "count": 50
        },
        "AgentController.Losses.ValueLoss.sum": {
            "value": 0.04014896297303494,
            "min": 0.0005341424889593327,
            "max": 0.3261310575960254,
            "count": 50
        },
        "AgentController.Policy.LearningRate.mean": {
            "value": 5.268589464800006e-07,
            "min": 5.268589464800006e-07,
            "max": 4.9322251355500005e-05,
            "count": 50
        },
        "AgentController.Policy.LearningRate.sum": {
            "value": 2.6342947324000027e-06,
            "min": 2.6342947324000027e-06,
            "max": 0.00017234725530580004,
            "count": 50
        },
        "AgentController.Policy.Epsilon.mean": {
            "value": 0.10105352000000001,
            "min": 0.10105352000000001,
            "max": 0.1986445,
            "count": 50
        },
        "AgentController.Policy.Epsilon.sum": {
            "value": 0.5052676,
            "min": 0.3497224,
            "max": 0.8446942000000002,
            "count": 50
        },
        "AgentController.Policy.Beta.mean": {
            "value": 0.003,
            "min": 0.003,
            "max": 0.0030000000000000005,
            "count": 50
        },
        "AgentController.Policy.Beta.sum": {
            "value": 0.015,
            "min": 0.006,
            "max": 0.015000000000000003,
            "count": 50
        },
        "AgentController.IsTraining.mean": {
            "value": 1.0,
            "min": 1.0,
            "max": 1.0,
            "count": 50
        },
        "AgentController.IsTraining.sum": {
            "value": 1.0,
            "min": 1.0,
            "max": 1.0,
            "count": 50
        }
    },
    "metadata": {
        "timer_format_version": "0.1.0",
        "start_time_seconds": "1730752894",
        "python_version": "3.10.0 (v3.10.0:b494f5935c, Oct  4 2021, 14:59:20) [Clang 12.0.5 (clang-1205.0.22.11)]",
        "command_line_arguments": "/Users/kentonlarsson/Desktop/TNM114/Reinforcement-learning-Hockey/Hockey/venv/bin/mlagents-learn AgentController.yaml --run-id=NewPar2",
        "mlagents_version": "0.30.0",
        "mlagents_envs_version": "0.30.0",
        "communication_protocol_version": "1.5.0",
        "pytorch_version": "2.2.2",
        "numpy_version": "1.21.2",
        "end_time_seconds": "1730754843"
    },
    "total": 1949.0938897999877,
    "count": 1,
    "self": 0.021150135959032923,
    "children": {
        "run_training.setup": {
            "total": 0.03907244501169771,
            "count": 1,
            "self": 0.03907244501169771
        },
        "TrainerController.start_learning": {
            "total": 1949.033667219017,
            "count": 1,
            "self": 0.17068087070947513,
            "children": {
                "TrainerController._reset_env": {
                    "total": 17.06320718099596,
                    "count": 1,
                    "self": 17.06320718099596
                },
                "TrainerController.advance": {
                    "total": 1931.722639648302,
                    "count": 7331,
                    "self": 0.16649689097539522,
                    "children": {
                        "env_step": {
                            "total": 1730.6778378918825,
                            "count": 7331,
                            "self": 1719.0244311442948,
                            "children": {
                                "SubprocessEnvManager._take_step": {
                                    "total": 11.554827493237099,
                                    "count": 7331,
                                    "self": 0.6928245148446877,
                                    "children": {
                                        "TorchPolicy.evaluate": {
                                            "total": 10.862002978392411,
                                            "count": 6979,
                                            "self": 10.862002978392411
                                        }
                                    }
                                },
                                "workers": {
                                    "total": 0.09857925435062498,
                                    "count": 7331,
                                    "self": 0.0,
                                    "children": {
                                        "worker_root": {
                                            "total": 1932.6461936721753,
                                            "count": 7331,
                                            "is_parallel": true,
                                            "self": 238.0380828193447,
                                            "children": {
                                                "steps_from_proto": {
                                                    "total": 0.009658680995926261,
                                                    "count": 1,