{
    "name": "root",
    "gauges": {
        "AgentController.Policy.Entropy.mean": {
            "value": 1.5912420749664307,
            "min": 1.543096661567688,
            "max": 1.6455490589141846,
            "count": 50
        },
        "AgentController.Policy.Entropy.sum": {
            "value": 15594.1728515625,
            "min": 14665.9765625,
            "max": 22837.830078125,
            "count": 50
        },
        "AgentController.Environment.EpisodeLength.mean": {
            "value": 49.889655172413796,
            "min": 45.70391061452514,
            "max": 70.84049079754601,
            "count": 50
        },
        "AgentController.Environment.EpisodeLength.sum": {
            "value": 7234.0,
            "min": 7234.0,
            "max": 11547.0,
            "count": 50
        },
        "AgentController.Step.mean": {
            "value": 499969.0,
            "min": 9989.0,
            "max": 499969.0,
            "count": 50
        },
        "AgentController.Step.sum": {
            "value": 499969.0,
            "min": 9989.0,
            "max": 499969.0,
            "count": 50
        },
        "AgentController.Policy.ExtrinsicValueEstimate.mean": {
            "value": 0.20445556938648224,
            "min": 0.03569004312157631,
            "max": 0.3177691698074341,
            "count": 50
        },
        "AgentController.Policy.ExtrinsicValueEstimate.sum": {
            "value": 41.70893478393555,
            "min": 7.6019792556762695,
            "max": 67.0492935180664,
            "count": 50
        },
        "AgentController.Environment.CumulativeReward.mean": {
            "value": 0.5845890525243667,
            "min": 0.07255245792073803,
            "max": 0.586783450452765,
            "count": 50
        },
        "AgentController.Environment.CumulativeReward.sum": {
            "value": 85.35000166855752,
            "min": 10.375001482665539,
            "max": 95.17500226944685,
            "count": 50
        },
        "AgentController.Policy.ExtrinsicReward.mean": {
            "value": 0.5845890525243667,
            "min": 0.07255245792073803,
            "max": 0.586783450452765,
            "count": 50
        },
        "AgentController.Policy.ExtrinsicReward.sum": {
            "value": 85.35000166855752,
            "min": 10.375001482665539,
            "max": 95.17500226944685,
            "count": 50
        },
        "AgentController.Losses.PolicyLoss.mean": {
            "value": 0.24703211847823334,
            "min": 0.23779906281209284,
            "max": 0.2536443508461315,
            "count": 50
        },
        "AgentController.Losses.PolicyLoss.sum": {
            "value": 15.315991345650467,
            "min": 12.56131300693414,
            "max": 16.816797438830445,
            "count": 50
        },
        "AgentController.Losses.ValueLoss.mean": {
            "value": 0.1650180960967334,
            "min": 0.0918160614880681,
            "max": 0.1803784335960213,
            "count": 50
        },
        "AgentController.Losses.ValueLoss.sum": {
            "value": 10.231121957997471,
            "min": 5.406549925307734,
            "max": 10.822706015761277,
            "count": 50
        },
        "AgentController.Policy.LearningRate.mean": {
            "value": 3.07187639542903e-06,
            "min": 3.07187639542903e-06,
            "max": 0.00029749967391036534,
            "count": 50
        },
        "AgentController.Policy.LearningRate.sum": {
            "value": 0.00019045633651659986,
            "min": 0.00019045633651659986,
            "max": 0.0189677830774058,
            "count": 50
        },
        "AgentController.Policy.Epsilon.mean": {
            "value": 0.10102392580645161,
            "min": 0.10102392580645161,
            "max": 0.1991665576923077,
            "count": 50
        },
        "AgentController.Policy.Epsilon.sum": {
            "value": 6.2634834,
            "min": 6.202684200000001,
            "max": 13.122594200000002,
            "count": 50
        },
        "AgentController.Policy.Beta.mean": {
            "value": 0.0005000000000000001,
            "min": 0.0005,
            "max": 0.0005000000000000001,
            "count": 50
        },
        "AgentController.Policy.Beta.sum": {
            "value": 0.031000000000000007,
            "min": 0.025500000000000002,
            "max": 0.034,
            "count": 50
        },
        "AgentController.IsTraining.mean": {
            "value": 1.0,
            "min": 1.0,
            "max": 1.0,
            "count": 50
        },
        "AgentController.IsTraining.sum": {
            "value": 1.0,
            "min": 1.0,
            "max": 1.0,
            "count": 50
        }
    },
    "metadata": {
        "timer_format_version": "0.1.0",
        "start_time_seconds": "1730418365",
        "python_version": "3.10.0 (v3.10.0:b494f5935c, Oct  4 2021, 14:59:20) [Clang 12.0.5 (clang-1205.0.22.11)]",
        "command_line_arguments": "/Users/kentonlarsson/Desktop/TNM114/Reinforcement-learning-Hockey/Hockey/venv/bin/mlagents-learn AgentController.yaml --initialize-from FreshTest44_2_3 --run-id=SetReward_test1",
        "mlagents_version": "0.30.0",
        "mlagents_envs_version": "0.30.0",
        "communication_protocol_version": "1.5.0",
        "pytorch_version": "2.2.2",
        "numpy_version": "1.21.2",
        "end_time_seconds": "1730420670"
    },
    "total": 2304.5953492680055,
    "count": 1,
    "self": 0.014812777008046396,
    "children": {
        "run_training.setup": {
            "total": 0.03869806000147946,
            "count": 1,
            "self": 0.03869806000147946
        },
        "TrainerController.start_learning": {
            "total": 2304.541838430996,
            "count": 1,
            "self": 0.19607113925303565,
            "children": {
                "TrainerController._reset_env": {
                    "total": 55.35547770300036,
                    "count": 1,
                    "self": 55.35547770300036
                },
                "TrainerController.advance": {
                    "total": 2248.9174091177483,
                    "count": 7095,
                    "self": 0.16695517262996873,
                    "children": {
                        "env_step": {
                            "total": 1536.8924646639862,
                            "count": 7095,
                            "self": 1532.830813172979,
                            "children": {
                                "SubprocessEnvManager._take_step": {
                                    "total": 3.9670439452384016,
                                    "count": 7095,
                                    "self": 0.4891215913085034,
                                    "children": {
                                        "TorchPolicy.evaluate": {
                                            "total": 3.4779223539298982,
                                            "count": 2525,
                                            "self": 3.4779223539298982
                                        }
                                    }
                                },
                                "workers": {
                                    "total": 0.09460754576866748,
                                    "count": 7095,
                                    "self": 0.0,
                                    "children": {
                                        "worker_root": {
                                            "total": 2249.8134532822005,
                                            "count": 7095,
                                            "is_parallel": true,
                                            "self": 741.547067737105,