{
    "name": "root",
    "gauges": {
        "AgentController.Policy.Entropy.mean": {
            "value": 0.9612159729003906,
            "min": 0.9612159729003906,
            "max": 1.1167820692062378,
            "count": 33
        },
        "AgentController.Policy.Entropy.sum": {
            "value": 9371.85546875,
            "min": 9371.85546875,
            "max": 15239.173828125,
            "count": 33
        },
        "AgentController.Environment.EpisodeLength.mean": {
            "value": 1273.75,
            "min": 70.5,
            "max": 1273.75,
            "count": 31
        },
        "AgentController.Environment.EpisodeLength.sum": {
            "value": 5095.0,
            "min": 555.0,
            "max": 21368.0,
            "count": 31
        },
        "AgentController.Step.mean": {
            "value": 329948.0,
            "min": 9987.0,
            "max": 329948.0,
            "count": 33
        },
        "AgentController.Step.sum": {
            "value": 329948.0,
            "min": 9987.0,
            "max": 329948.0,
            "count": 33
        },
        "AgentController.Policy.ExtrinsicValueEstimate.mean": {
            "value": -0.28451812267303467,
            "min": -0.7168670296669006,
            "max": 0.15945470333099365,
            "count": 33
        },
        "AgentController.Policy.ExtrinsicValueEstimate.sum": {
            "value": -44.38482666015625,
            "min": -112.54812622070312,
            "max": 26.469480514526367,
            "count": 33
        },
        "AgentController.Environment.CumulativeReward.mean": {
            "value": -5.458609592402354,
            "min": -11.13477981587251,
            "max": 0.673198152333498,
            "count": 31
        },
        "AgentController.Environment.CumulativeReward.sum": {
            "value": -21.834438369609416,
            "min": -186.76124983653426,
            "max": 10.216610871255398,
            "count": 31
        },
        "AgentController.Policy.ExtrinsicReward.mean": {
            "value": -5.458609592402354,
            "min": -11.13477981587251,
            "max": 0.673198152333498,
            "count": 31
        },
        "AgentController.Policy.ExtrinsicReward.sum": {
            "value": -21.834438369609416,
            "min": -186.76124983653426,
            "max": 10.216610871255398,
            "count": 31
        },
        "AgentController.Losses.PolicyLoss.mean": {
            "value": 0.23810341645679628,
            "min": 0.23810341645679628,
            "max": 0.2567991564244933,
            "count": 33
        },
        "AgentController.Losses.PolicyLoss.sum": {
            "value": 12.619481072210203,
            "min": 3.905161642737635,
            "max": 16.359100111498133,
            "count": 33
        },
        "AgentController.Losses.ValueLoss.mean": {
            "value": 0.00215179123342546,
            "min": 0.00215179123342546,
            "max": 0.06446302830783342,
            "count": 33
        },
        "AgentController.Losses.ValueLoss.sum": {
            "value": 0.11404493537154939,
            "min": 0.11404493537154939,
            "max": 1.6684922299688765,
            "count": 33
        },
        "AgentController.Policy.LearningRate.mean": {
            "value": 0.0001050235668789585,
            "min": 0.0001050235668789585,
            "max": 0.00029647177617607494,
            "count": 33
        },
        "AgentController.Policy.LearningRate.sum": {
            "value": 0.005566249044584801,
            "min": 0.004743548418817199,
            "max": 0.0152496693167774,
            "count": 33
        },
        "AgentController.Policy.Epsilon.mean": {
            "value": 0.13500783396226415,
            "min": 0.13500783396226415,
            "max": 0.198823925,
            "count": 33
        },
        "AgentController.Policy.Epsilon.sum": {
            "value": 7.1554152,
            "min": 3.1811828,
            "max": 11.683222599999999,
            "count": 33
        },
        "AgentController.Policy.Beta.mean": {
            "value": 0.0005,
            "min": 0.0005,
            "max": 0.0005000000000000001,
            "count": 33
        },
        "AgentController.Policy.Beta.sum": {
            "value": 0.026500000000000003,
            "min": 0.008,
            "max": 0.033,
            "count": 33
        },
        "AgentController.IsTraining.mean": {
            "value": 1.0,
            "min": 1.0,
            "max": 1.0,
            "count": 33
        },
        "AgentController.IsTraining.sum": {
            "value": 1.0,
            "min": 1.0,
            "max": 1.0,
            "count": 33
        }
    },
    "metadata": {
        "timer_format_version": "0.1.0",
        "start_time_seconds": "1729081877",
        "python_version": "3.9.13 (tags/v3.9.13:6de2ca5, May 17 2022, 16:36:42) [MSC v.1929 64 bit (AMD64)]",
        "command_line_arguments": "C:\\Users\\oskar\\Documents\\GitHub\\Reinforcement-learning-Hockey\\Hockey\\venv\\scripts\\mlagents-learn AgentController.yaml --initialize-from NewTrainer2 --run-id=NewTrainer10",
        "mlagents_version": "0.30.0",
        "mlagents_envs_version": "0.30.0",
        "communication_protocol_version": "1.5.0",
        "pytorch_version": "2.4.1+cpu",
        "numpy_version": "1.21.2",
        "end_time_seconds": "1729082752"
    },
    "total": 874.9826644,
    "count": 1,
    "self": 0.00590650000003734,
    "children": {
        "run_training.setup": {
            "total": 0.09442360000000027,
            "count": 1,
            "self": 0.09442360000000027
        },
        "TrainerController.start_learning": {
            "total": 874.8823342999999,
            "count": 1,
            "self": 0.14679890000036266,
            "children": {
                "TrainerController._reset_env": {
                    "total": 12.6235845,
                    "count": 1,
                    "self": 12.6235845
                },
                "TrainerController.advance": {
                    "total": 862.0045800999995,
                    "count": 4801,
                    "self": 0.10758080000221071,
                    "children": {
                        "env_step": {
                            "total": 306.6475729999998,
                            "count": 4801,
                            "self": 299.39290969999877,
                            "children": {
                                "SubprocessEnvManager._take_step": {
                                    "total": 7.186506000002337,
                                    "count": 4801,
                                    "self": 0.48970730000214147,
                                    "children": {
                                        "TorchPolicy.evaluate": {
                                            "total": 6.696798700000196,
                                            "count": 4534,
                                            "self": 6.696798700000196
                                        }
                                    }
                                },
                                "workers": {
                                    "total": 0.0681572999986706,
                                    "count": 4800,
                                    "self": 0.0,
                                    "children": {
                                        "worker_root": {
                                            "total": 799.8428498999987,
                                            "count": 4800,
                                            "is_parallel": true,
                                            "self": 579.3861078999961,
                                            "children": {
                                                "steps_from_proto": {
                                                    "total": 0.0048730999999992974,
                                                    "count": 1,