{
    "name": "root",
    "gauges": {
        "AgentController.Policy.Entropy.mean": {
            "value": 1.2610647678375244,
            "min": 1.2610647678375244,
            "max": 1.4189382791519165,
            "count": 36
        },
        "AgentController.Policy.Entropy.sum": {
            "value": 19369.955078125,
            "min": 3436.72509765625,
            "max": 21794.892578125,
            "count": 36
        },
        "AgentController.Environment.EpisodeLength.mean": {
            "value": 2093.0,
            "min": 47.0,
            "max": 2093.0,
            "count": 14
        },
        "AgentController.Environment.EpisodeLength.sum": {
            "value": 2093.0,
            "min": 47.0,
            "max": 2093.0,
            "count": 14
        },
        "AgentController.Step.mean": {
            "value": 499936.0,
            "min": 9968.0,
            "max": 499936.0,
            "count": 50
        },
        "AgentController.Step.sum": {
            "value": 499936.0,
            "min": 9968.0,
            "max": 499936.0,
            "count": 50
        },
        "AgentController.Policy.ExtrinsicValueEstimate.mean": {
            "value": 0.2555805444717407,
            "min": 0.05575133487582207,
            "max": 0.30756184458732605,
            "count": 50
        },
        "AgentController.Policy.ExtrinsicValueEstimate.sum": {
            "value": 39.87056350708008,
            "min": 8.697208404541016,
            "max": 47.97964859008789,
            "count": 50
        },
        "AgentController.Environment.CumulativeReward.mean": {
            "value": 9.145971659570932,
            "min": 0.019327815622091293,
            "max": 9.145971659570932,
            "count": 14
        },
        "AgentController.Environment.CumulativeReward.sum": {
            "value": 9.145971659570932,
            "min": 0.019327815622091293,
            "max": 9.145971659570932,
            "count": 14
        },
        "AgentController.Policy.ExtrinsicReward.mean": {
            "value": 9.145971659570932,
            "min": 0.019327815622091293,
            "max": 9.145971659570932,
            "count": 14
        },
        "AgentController.Policy.ExtrinsicReward.sum": {
            "value": 9.145971659570932,
            "min": 0.019327815622091293,
            "max": 9.145971659570932,
            "count": 14
        },
        "AgentController.IsTraining.mean": {
            "value": 1.0,
            "min": 1.0,
            "max": 1.0,
            "count": 50
        },
        "AgentController.IsTraining.sum": {
            "value": 1.0,
            "min": 1.0,
            "max": 1.0,
            "count": 50
        },
        "AgentController.Losses.PolicyLoss.mean": {
            "value": 0.22607253749463985,
            "min": 0.21736692547795658,
            "max": 0.27365889337078547,
            "count": 35
        },
        "AgentController.Losses.PolicyLoss.sum": {
            "value": 2.4867979124410384,
            "min": 0.24927169814084968,
            "max": 2.6790501621290845,
            "count": 35
        },
        "AgentController.Losses.ValueLoss.mean": {
            "value": 0.009945571252149477,
            "min": 0.0002413602690770252,
            "max": 0.009945571252149477,
            "count": 35
        },
        "AgentController.Losses.ValueLoss.sum": {
            "value": 0.10940128377364425,
            "min": 0.0002413602690770252,
            "max": 0.10940128377364425,
            "count": 35
        },
        "AgentController.Policy.LearningRate.mean": {
            "value": 5.136861924109093e-06,
            "min": 5.136861924109093e-06,
            "max": 0.0002907522030825999,
            "count": 35
        },
        "AgentController.Policy.LearningRate.sum": {
            "value": 5.6505481165200025e-05,
            "min": 5.6505481165200025e-05,
            "max": 0.0017131249289583997,
            "count": 35
        },
        "AgentController.Policy.Epsilon.mean": {
            "value": 0.10171225454545456,
            "min": 0.10171225454545456,
            "max": 0.1969174,
            "count": 35
        },
        "AgentController.Policy.Epsilon.sum": {
            "value": 1.1188348000000001,
            "min": 0.15999539999999998,
            "max": 1.3301074,
            "count": 35
        },
        "AgentController.Policy.Beta.mean": {
            "value": 0.0005000000000000001,
            "min": 0.0005,
            "max": 0.0005000000000000001,
            "count": 35
        },
        "AgentController.Policy.Beta.sum": {
            "value": 0.005500000000000001,
            "min": 0.0005,
            "max": 0.005500000000000001,
            "count": 35
        }
    },
    "metadata": {
        "timer_format_version": "0.1.0",
        "start_time_seconds": "1728927954",
        "python_version": "3.9.13 (tags/v3.9.13:6de2ca5, May 17 2022, 16:36:42) [MSC v.1929 64 bit (AMD64)]",
        "command_line_arguments": "G:\\Documents\\Code\\Reinforcement-learning-Hockey\\Hockey\\venv\\scripts\\mlagents-learn AgentController.yaml --run-id=TestRun10",
        "mlagents_version": "0.30.0",
        "mlagents_envs_version": "0.30.0",
        "communication_protocol_version": "1.5.0",
        "pytorch_version": "2.4.1+cpu",
        "numpy_version": "1.21.2",
        "end_time_seconds": "1728928990"
    },
    "total": 1035.9210659,
    "count": 1,
    "self": 0.07315200000016375,
    "children": {
        "run_training.setup": {
            "total": 0.15990210000000005,
            "count": 1,
            "self": 0.15990210000000005
        },
        "TrainerController.start_learning": {
            "total": 1035.6880118,
            "count": 1,
            "self": 0.04387019999535369,
            "children": {
                "TrainerController._reset_env": {
                    "total": 10.8841435,
                    "count": 1,
                    "self": 10.8841435
                },
                "TrainerController.advance": {
                    "total": 1024.7076894000047,
                    "count": 2128,
                    "self": 0.04809290000798683,
                    "children": {
                        "env_step": {
                            "total": 299.6015721999983,
                            "count": 2128,
                            "self": 294.93648979999716,
                            "children": {
                                "SubprocessEnvManager._take_step": {
                                    "total": 4.642106499999674,
                                    "count": 2128,
                                    "self": 0.26785350000092834,
                                    "children": {
                                        "TorchPolicy.evaluate": {
                                            "total": 4.374252999998745,
                                            "count": 2112,
                                            "self": 4.374252999998745
                                        }
                                    }
                                },
                                "workers": {
                                    "total": 0.02297590000150862,
                                    "count": 2128,
                                    "self": 0.0,
                                    "children": {
                                        "worker_root": {
                                            "total": 1025.3907544999977,
                                            "count": 2128,
                                            "is_parallel": true,
                                            "self": 745.3552487999976,
                                            "children": {
                                                "steps_from_proto": {
                                                    "total": 0.04445649999999901,
                                                    "count": 1,