{
    "name": "root",
    "gauges": {
        "AgentController.Policy.Entropy.mean": {
            "value": 1.3733294010162354,
            "min": 1.372880458831787,
            "max": 1.4189382791519165,
            "count": 9
        },
        "AgentController.Policy.Entropy.sum": {
            "value": 5767.9833984375,
            "min": 5767.9833984375,
            "max": 18162.41015625,
            "count": 9
        },
        "AgentController.Step.mean": {
            "value": 99976.0,
            "min": 9984.0,
            "max": 99976.0,
            "count": 10
        },
        "AgentController.Step.sum": {
            "value": 99976.0,
            "min": 9984.0,
            "max": 99976.0,
            "count": 10
        },
        "AgentController.Policy.ExtrinsicValueEstimate.mean": {
            "value": -0.006669650319963694,
            "min": -0.006669650319963694,
            "max": 0.45544755458831787,
            "count": 10
        },
        "AgentController.Policy.ExtrinsicValueEstimate.sum": {
            "value": -1.0404654741287231,
            "min": -1.0404654741287231,
            "max": 71.04981994628906,
            "count": 10
        },
        "AgentController.IsTraining.mean": {
            "value": 1.0,
            "min": 1.0,
            "max": 1.0,
            "count": 10
        },
        "AgentController.IsTraining.sum": {
            "value": 1.0,
            "min": 1.0,
            "max": 1.0,
            "count": 10
        },
        "AgentController.Losses.PolicyLoss.mean": {
            "value": 0.24331294593715155,
            "min": 0.23852386005555493,
            "max": 0.2615892242062794,
            "count": 8
        },
        "AgentController.Losses.PolicyLoss.sum": {
            "value": 1.4598776756229093,
            "min": 0.25241443095259514,
            "max": 2.7716594544867426,
            "count": 8
        },
        "AgentController.Losses.ValueLoss.mean": {
            "value": 4.468348519679534e-05,
            "min": 4.468348519679534e-05,
            "max": 0.006612971854807862,
            "count": 8
        },
        "AgentController.Losses.ValueLoss.sum": {
            "value": 0.000268100911180772,
            "min": 0.000268100911180772,
            "max": 0.02022936356529749,
            "count": 8
        },
        "AgentController.Policy.LearningRate.mean": {
            "value": 0.00024572171809276663,
            "min": 0.00024572171809276663,
            "max": 0.00029232000256000006,
            "count": 8
        },
        "AgentController.Policy.LearningRate.sum": {
            "value": 0.0014743303085565998,
            "min": 0.00028464000512,
            "max": 0.0027909727696757997,
            "count": 8
        },
        "AgentController.Policy.Epsilon.mean": {
            "value": 0.18190723333333336,
            "min": 0.18190723333333336,
            "max": 0.19743999999999998,
            "count": 8
        },
        "AgentController.Policy.Epsilon.sum": {
            "value": 1.0914434000000002,
            "min": 0.19487999999999997,
            "max": 2.0303242,
            "count": 8
        },
        "AgentController.Policy.Beta.mean": {
            "value": 0.0005,
            "min": 0.0005,
            "max": 0.0005000000000000002,
            "count": 8
        },
        "AgentController.Policy.Beta.sum": {
            "value": 0.003,
            "min": 0.0005000000000000002,
            "max": 0.005500000000000001,
            "count": 8
        },
        "AgentController.Environment.EpisodeLength.mean": {
            "value": 508.0,
            "min": 184.0,
            "max": 508.0,
            "count": 7
        },
        "AgentController.Environment.EpisodeLength.sum": {
            "value": 508.0,
            "min": 184.0,
            "max": 5869.0,
            "count": 7
        },
        "AgentController.Environment.CumulativeReward.mean": {
            "value": -0.06520000076852739,
            "min": -0.06520000076852739,
            "max": 0.3944999922532588,
            "count": 7
        },
        "AgentController.Environment.CumulativeReward.sum": {
            "value": -0.06520000076852739,
            "min": -0.8755000059027225,
            "max": 1.4356000449042767,
            "count": 7
        },
        "AgentController.Policy.ExtrinsicReward.mean": {
            "value": -0.06520000076852739,
            "min": -0.06520000076852739,
            "max": 0.3944999922532588,
            "count": 7
        },
        "AgentController.Policy.ExtrinsicReward.sum": {
            "value": -0.06520000076852739,
            "min": -0.8755000059027225,
            "max": 1.4356000449042767,
            "count": 7
        }
    },
    "metadata": {
        "timer_format_version": "0.1.0",
        "start_time_seconds": "1728987220",
        "python_version": "3.9.13 (tags/v3.9.13:6de2ca5, May 17 2022, 16:36:42) [MSC v.1929 64 bit (AMD64)]",
        "command_line_arguments": "G:\\Documents\\Code\\Reinforcement-learning-Hockey\\Hockey\\venv\\scripts\\mlagents-learn AgentController.yaml --run-id=TestRun13",
        "mlagents_version": "0.30.0",
        "mlagents_envs_version": "0.30.0",
        "communication_protocol_version": "1.5.0",
        "pytorch_version": "2.4.1+cpu",
        "numpy_version": "1.21.2",
        "end_time_seconds": "1728987496"
    },
    "total": 275.8233265,
    "count": 1,
    "self": 0.004219900000009602,
    "children": {
        "run_training.setup": {
            "total": 0.08362159999999985,
            "count": 1,
            "self": 0.08362159999999985
        },
        "TrainerController.start_learning": {
            "total": 275.735485,
            "count": 1,
            "self": 0.010007599999994454,
            "children": {
                "TrainerController._reset_env": {
                    "total": 16.6322111,
                    "count": 1,
                    "self": 16.6322111
                },
                "TrainerController.advance": {
                    "total": 259.0112456,
                    "count": 541,
                    "self": 0.010148800000308711,
                    "children": {
                        "env_step": {
                            "total": 123.54540799999975,
                            "count": 541,
                            "self": 122.76244120000001,
                            "children": {
                                "SubprocessEnvManager._take_step": {
                                    "total": 0.7773172999999112,
                                    "count": 541,
                                    "self": 0.05687259999991312,
                                    "children": {
                                        "TorchPolicy.evaluate": {
                                            "total": 0.720444699999998,
                                            "count": 514,
                                            "self": 0.720444699999998
                                        }
                                    }
                                },
                                "workers": {
                                    "total": 0.005649499999837104,
                                    "count": 540,
                                    "self": 0.0,
                                    "children": {
                                        "worker_root": {
                                            "total": 197.45171899999983,
                                            "count": 540,
                                            "is_parallel": true,
                                            "self": 140.00241209999973,
                                            "children": {
                                                "steps_from_proto": {
                                                    "total": 0.006789500000000004,
                                                    "count": 1,