{
    "name": "root",
    "gauges": {
        "AgentController.Policy.Entropy.mean": {
            "value": 0.7857717871665955,
            "min": 0.7857717871665955,
            "max": 1.1583449840545654,
            "count": 39
        },
        "AgentController.Policy.Entropy.sum": {
            "value": 7563.0537109375,
            "min": 7563.0537109375,
            "max": 14614.98828125,
            "count": 39
        },
        "AgentController.Environment.EpisodeLength.mean": {
            "value": 37.90909090909091,
            "min": 31.37344398340249,
            "max": 120.33333333333333,
            "count": 39
        },
        "AgentController.Environment.EpisodeLength.sum": {
            "value": 417.0,
            "min": 417.0,
            "max": 9943.0,
            "count": 39
        },
        "AgentController.Step.mean": {
            "value": 389979.0,
            "min": 9988.0,
            "max": 389979.0,
            "count": 39
        },
        "AgentController.Step.sum": {
            "value": 389979.0,
            "min": 9988.0,
            "max": 389979.0,
            "count": 39
        },
        "AgentController.Policy.ExtrinsicValueEstimate.mean": {
            "value": -0.5016960501670837,
            "min": -0.5016960501670837,
            "max": 0.3250918388366699,
            "count": 39
        },
        "AgentController.Policy.ExtrinsicValueEstimate.sum": {
            "value": -80.77306365966797,
            "min": -80.77306365966797,
            "max": 92.00099182128906,
            "count": 39
        },
        "AgentController.Environment.CumulativeReward.mean": {
            "value": 0.44259091398932715,
            "min": -0.0733690729054312,
            "max": 0.44259091398932715,
            "count": 39
        },
        "AgentController.Environment.CumulativeReward.sum": {
            "value": 4.868500053882599,
            "min": -1.540750531014055,
            "max": 94.54175067087635,
            "count": 39
        },
        "AgentController.Policy.ExtrinsicReward.mean": {
            "value": 0.44259091398932715,
            "min": -0.0733690729054312,
            "max": 0.44259091398932715,
            "count": 39
        },
        "AgentController.Policy.ExtrinsicReward.sum": {
            "value": 4.868500053882599,
            "min": -1.540750531014055,
            "max": 94.54175067087635,
            "count": 39
        },
        "AgentController.Losses.PolicyLoss.mean": {
            "value": 0.24636954620746998,
            "min": 0.23507021024071983,
            "max": 0.254886971845886,
            "count": 39
        },
        "AgentController.Losses.PolicyLoss.sum": {
            "value": 11.825738217958559,
            "min": 11.73762069266784,
            "max": 18.10597408629013,
            "count": 39
        },
        "AgentController.Losses.ValueLoss.mean": {
            "value": 0.02822313392838689,
            "min": 0.0008687322437499976,
            "max": 0.07058316463134863,
            "count": 39
        },
        "AgentController.Losses.ValueLoss.sum": {
            "value": 1.3547104285625706,
            "min": 0.05646759584374984,
            "max": 3.8114908900928257,
            "count": 39
        },
        "AgentController.Policy.LearningRate.mean": {
            "value": 6.89782145072875e-05,
            "min": 6.89782145072875e-05,
            "max": 0.000297073055521103,
            "count": 39
        },
        "AgentController.Policy.LearningRate.sum": {
            "value": 0.0033109542963498002,
            "min": 0.0033109542963498002,
            "max": 0.020649272916909198,
            "count": 39
        },
        "AgentController.Policy.Epsilon.mean": {
            "value": 0.12299271249999999,
            "min": 0.12299271249999999,
            "max": 0.19902435151515152,
            "count": 39
        },
        "AgentController.Policy.Epsilon.sum": {
            "value": 5.9036501999999995,
            "min": 5.9036501999999995,
            "max": 14.283090800000004,
            "count": 39
        },
        "AgentController.Policy.Beta.mean": {
            "value": 0.0005,
            "min": 0.0005,
            "max": 0.0005000000000000001,
            "count": 39
        },
        "AgentController.Policy.Beta.sum": {
            "value": 0.024,
            "min": 0.023500000000000004,
            "max": 0.037000000000000005,
            "count": 39
        },
        "AgentController.IsTraining.mean": {
            "value": 1.0,
            "min": 1.0,
            "max": 1.0,
            "count": 39
        },
        "AgentController.IsTraining.sum": {
            "value": 1.0,
            "min": 1.0,
            "max": 1.0,
            "count": 39
        }
    },
    "metadata": {
        "timer_format_version": "0.1.0",
        "start_time_seconds": "1729073623",
        "python_version": "3.9.13 (tags/v3.9.13:6de2ca5, May 17 2022, 16:36:42) [MSC v.1929 64 bit (AMD64)]",
        "command_line_arguments": "C:\\Users\\oskar\\Documents\\GitHub\\Reinforcement-learning-Hockey\\Hockey\\venv\\scripts\\mlagents-learn AgentController.yaml --initialize-from NewTrainer2 --run-id=NewTrainer3",
        "mlagents_version": "0.30.0",
        "mlagents_envs_version": "0.30.0",
        "communication_protocol_version": "1.5.0",
        "pytorch_version": "2.4.1+cpu",
        "numpy_version": "1.21.2",
        "end_time_seconds": "1729074760"
    },
    "total": 1136.6749519,
    "count": 1,
    "self": 0.007036099999822909,
    "children": {
        "run_training.setup": {
            "total": 0.09727469999999983,
            "count": 1,
            "self": 0.09727469999999983
        },
        "TrainerController.start_learning": {
            "total": 1136.5706411,
            "count": 1,
            "self": 0.18070530000090912,
            "children": {
                "TrainerController._reset_env": {
                    "total": 31.9039189,
                    "count": 1,
                    "self": 31.9039189
                },
                "TrainerController.advance": {
                    "total": 1104.3465225999992,
                    "count": 5585,
                    "self": 0.13771480000605152,
                    "children": {
                        "env_step": {
                            "total": 428.3370354999953,
                            "count": 5585,
                            "self": 422.65962659999826,
                            "children": {
                                "SubprocessEnvManager._take_step": {
                                    "total": 5.597944699997356,
                                    "count": 5586,
                                    "self": 0.4795555999957841,
                                    "children": {
                                        "TorchPolicy.evaluate": {
                                            "total": 5.118389100001572,
                                            "count": 3241,
                                            "self": 5.118389100001572
                                        }
                                    }
                                },
                                "workers": {
                                    "total": 0.07946419999969123,
                                    "count": 5584,
                                    "self": 0.0,
                                    "children": {
                                        "worker_root": {
                                            "total": 968.052916100003,
                                            "count": 5584,
                                            "is_parallel": true,
                                            "self": 702.5516228000066,
                                            "children": {
                                                "steps_from_proto": {
                                                    "total": 0.014806500000002387,