{
    "name": "root",
    "gauges": {
        "AgentController.Policy.Entropy.mean": {
            "value": 1.5234726667404175,
            "min": 1.523472547531128,
            "max": 1.5825029611587524,
            "count": 50
        },
        "AgentController.Policy.Entropy.sum": {
            "value": 15234.7265625,
            "min": 14461.3271484375,
            "max": 19766.7890625,
            "count": 50
        },
        "AgentController.Environment.EpisodeLength.mean": {
            "value": 70.14049586776859,
            "min": 45.54054054054054,
            "max": 72.14473684210526,
            "count": 50
        },
        "AgentController.Environment.EpisodeLength.sum": {
            "value": 8487.0,
            "min": 6740.0,
            "max": 11742.0,
            "count": 50
        },
        "AgentController.Step.mean": {
            "value": 499996.0,
            "min": 9960.0,
            "max": 499996.0,
            "count": 50
        },
        "AgentController.Step.sum": {
            "value": 499996.0,
            "min": 9960.0,
            "max": 499996.0,
            "count": 50
        },
        "AgentController.Policy.ExtrinsicValueEstimate.mean": {
            "value": 0.3370894193649292,
            "min": 0.3370894193649292,
            "max": 0.7180938720703125,
            "count": 50
        },
        "AgentController.Policy.ExtrinsicValueEstimate.sum": {
            "value": 66.74370574951172,
            "min": 66.74370574951172,
            "max": 151.00196838378906,
            "count": 50
        },
        "AgentController.Environment.CumulativeReward.mean": {
            "value": 1.123958342941478,
            "min": 0.8910473152189642,
            "max": 1.4746551835331423,
            "count": 50
        },
        "AgentController.Environment.CumulativeReward.sum": {
            "value": 134.87500115297735,
            "min": 131.8750026524067,
            "max": 224.27500431239605,
            "count": 50
        },
        "AgentController.Policy.ExtrinsicReward.mean": {
            "value": 1.123958342941478,
            "min": 0.8910473152189642,
            "max": 1.4746551835331423,
            "count": 50
        },
        "AgentController.Policy.ExtrinsicReward.sum": {
            "value": 134.87500115297735,
            "min": 131.8750026524067,
            "max": 224.27500431239605,
            "count": 50
        },
        "AgentController.Losses.PolicyLoss.mean": {
            "value": 0.24340349975567302,
            "min": 0.23968166222255377,
            "max": 0.25072888089179396,
            "count": 50
        },
        "AgentController.Losses.PolicyLoss.sum": {
            "value": 15.334420484607401,
            "min": 11.417828506447531,
            "max": 16.461223536678794,
            "count": 50
        },
        "AgentController.Losses.ValueLoss.mean": {
            "value": 0.15695752208269895,
            "min": 0.0915760779985144,
            "max": 0.1925162648025667,
            "count": 50
        },
        "AgentController.Losses.ValueLoss.sum": {
            "value": 9.888323891210034,
            "min": 6.009972269959736,
            "max": 11.743492152956568,
            "count": 50
        },
        "AgentController.Policy.LearningRate.mean": {
            "value": 2.9623466316317488e-06,
            "min": 2.9623466316317488e-06,
            "max": 0.00029781517898914343,
            "count": 50
        },
        "AgentController.Policy.LearningRate.sum": {
            "value": 0.00018662783779280017,
            "min": 0.00018662783779280017,
            "max": 0.019205062398312597,
            "count": 50
        },
        "AgentController.Policy.Epsilon.mean": {
            "value": 0.10098741587301588,
            "min": 0.10098741587301588,
            "max": 0.1992717260869565,
            "count": 50
        },
        "AgentController.Policy.Epsilon.sum": {
            "value": 6.3622072,
            "min": 5.565027400000001,
            "max": 13.001687400000002,
            "count": 50
        },
        "AgentController.Policy.Beta.mean": {
            "value": 0.0005,
            "min": 0.0005,
            "max": 0.0005000000000000001,
            "count": 50
        },
        "AgentController.Policy.Beta.sum": {
            "value": 0.0315,
            "min": 0.023000000000000003,
            "max": 0.0335,
            "count": 50
        },
        "AgentController.IsTraining.mean": {
            "value": 1.0,
            "min": 1.0,
            "max": 1.0,
            "count": 50
        },
        "AgentController.IsTraining.sum": {
            "value": 1.0,
            "min": 1.0,
            "max": 1.0,
            "count": 50
        }
    },
    "metadata": {
        "timer_format_version": "0.1.0",
        "start_time_seconds": "1730334469",
        "python_version": "3.10.0 (v3.10.0:b494f5935c, Oct  4 2021, 14:59:20) [Clang 12.0.5 (clang-1205.0.22.11)]",
        "command_line_arguments": "/Users/kentonlarsson/Desktop/TNM114/Reinforcement-learning-Hockey/Hockey/venv/bin/mlagents-learn AgentController.yaml --initialize-from FreshTest44_2_3 --run-id=SetReward_test0",
        "mlagents_version": "0.30.0",
        "mlagents_envs_version": "0.30.0",
        "communication_protocol_version": "1.5.0",
        "pytorch_version": "2.2.2",
        "numpy_version": "1.21.2",
        "end_time_seconds": "1730337510"
    },
    "total": 3041.1965148149993,
    "count": 1,
    "self": 0.0264253089990234,
    "children": {
        "run_training.setup": {
            "total": 0.03930278699954215,
            "count": 1,
            "self": 0.03930278699954215
        },
        "TrainerController.start_learning": {
            "total": 3041.1307867190008,
            "count": 1,
            "self": 0.24301796591680613,
            "children": {
                "TrainerController._reset_env": {
                    "total": 18.08648138799981,
                    "count": 1,
                    "self": 18.08648138799981
                },
                "TrainerController.advance": {
                    "total": 3022.713518047083,
                    "count": 6844,
                    "self": 0.206427935989268,
                    "children": {
                        "env_step": {
                            "total": 2075.6764415670186,
                            "count": 6844,
                            "self": 2070.1562376799775,
                            "children": {
                                "SubprocessEnvManager._take_step": {
                                    "total": 5.407004284981667,
                                    "count": 6844,
                                    "self": 0.7607759899419761,
                                    "children": {
                                        "TorchPolicy.evaluate": {
                                            "total": 4.646228295039691,
                                            "count": 2528,
                                            "self": 4.646228295039691
                                        }
                                    }
                                },
                                "workers": {
                                    "total": 0.113199602059467,
                                    "count": 6844,
                                    "self": 0.0,
                                    "children": {
                                        "worker_root": {
                                            "total": 3023.3925893540018,
                                            "count": 6844,
                                            "is_parallel": true,
                                            "self": 984.177485286049,
                                            "children": {
                                                "steps_from_proto": {
                                                    "total": 0.020106179999856977,