{
    "name": "root",
    "gauges": {
        "AgentController.Policy.Entropy.mean": {
            "value": 0.7670496106147766,
            "min": 0.7670496106147766,
            "max": 1.1204805374145508,
            "count": 50
        },
        "AgentController.Policy.Entropy.sum": {
            "value": 7382.8525390625,
            "min": 7326.35791015625,
            "max": 19718.853515625,
            "count": 50
        },
        "AgentController.Environment.EpisodeLength.mean": {
            "value": 772.3571428571429,
            "min": 55.93333333333333,
            "max": 1111.0,
            "count": 47
        },
        "AgentController.Environment.EpisodeLength.sum": {
            "value": 10813.0,
            "min": 116.0,
            "max": 23223.0,
            "count": 47
        },
        "AgentController.Step.mean": {
            "value": 499968.0,
            "min": 9940.0,
            "max": 499968.0,
            "count": 50
        },
        "AgentController.Step.sum": {
            "value": 499968.0,
            "min": 9940.0,
            "max": 499968.0,
            "count": 50
        },
        "AgentController.Policy.ExtrinsicValueEstimate.mean": {
            "value": -0.3039492666721344,
            "min": -0.9420090317726135,
            "max": 0.6384230256080627,
            "count": 50
        },
        "AgentController.Policy.ExtrinsicValueEstimate.sum": {
            "value": -49.543731689453125,
            "min": -147.89541625976562,
            "max": 105.97822570800781,
            "count": 50
        },
        "AgentController.Environment.CumulativeReward.mean": {
            "value": -3.2684570118518814,
            "min": -8.141654881608227,
            "max": 0.910502504291279,
            "count": 47
        },
        "AgentController.Environment.CumulativeReward.sum": {
            "value": -45.75839816592634,
            "min": -187.25806227698922,
            "max": 25.49407012015581,
            "count": 47
        },
        "AgentController.Policy.ExtrinsicReward.mean": {
            "value": -3.2684570118518814,
            "min": -8.141654881608227,
            "max": 0.910502504291279,
            "count": 47
        },
        "AgentController.Policy.ExtrinsicReward.sum": {
            "value": -45.75839816592634,
            "min": -187.25806227698922,
            "max": 25.49407012015581,
            "count": 47
        },
        "AgentController.Losses.PolicyLoss.mean": {
            "value": 0.24692481755560935,
            "min": 0.23458030449906733,
            "max": 0.26090568471580433,
            "count": 50
        },
        "AgentController.Losses.PolicyLoss.sum": {
            "value": 12.099316060224858,
            "min": 3.2737425177753927,
            "max": 13.942884646368826,
            "count": 50
        },
        "AgentController.Losses.ValueLoss.mean": {
            "value": 0.03069323405164675,
            "min": 0.007215436698666376,
            "max": 0.056807367212594016,
            "count": 50
        },
        "AgentController.Losses.ValueLoss.sum": {
            "value": 1.5039684685306907,
            "min": 0.1496083078346402,
            "max": 1.5039684685306907,
            "count": 50
        },
        "AgentController.Policy.LearningRate.mean": {
            "value": 2.9010255636367353e-06,
            "min": 2.9010255636367353e-06,
            "max": 0.00029704068848643745,
            "count": 50
        },
        "AgentController.Policy.LearningRate.sum": {
            "value": 0.00014215025261820003,
            "min": 0.00014215025261820003,
            "max": 0.0102560320813232,
            "count": 50
        },
        "AgentController.Policy.Epsilon.mean": {
            "value": 0.10096697551020407,
            "min": 0.10096697551020407,
            "max": 0.19901356250000002,
            "count": 50
        },
        "AgentController.Policy.Epsilon.sum": {
            "value": 4.9473818,
            "min": 2.5577988000000005,
            "max": 8.56844,
            "count": 50
        },
        "AgentController.Policy.Beta.mean": {
            "value": 0.0005,
            "min": 0.0005,
            "max": 0.0005000000000000002,
            "count": 50
        },
        "AgentController.Policy.Beta.sum": {
            "value": 0.0245,
            "min": 0.006500000000000002,
            "max": 0.028000000000000004,
            "count": 50
        },
        "AgentController.IsTraining.mean": {
            "value": 1.0,
            "min": 1.0,
            "max": 1.0,
            "count": 50
        },
        "AgentController.IsTraining.sum": {
            "value": 1.0,
            "min": 1.0,
            "max": 1.0,
            "count": 50
        }
    },
    "metadata": {
        "timer_format_version": "0.1.0",
        "start_time_seconds": "1729079001",
        "python_version": "3.9.13 (tags/v3.9.13:6de2ca5, May 17 2022, 16:36:42) [MSC v.1929 64 bit (AMD64)]",
        "command_line_arguments": "C:\\Users\\oskar\\Documents\\GitHub\\Reinforcement-learning-Hockey\\Hockey\\venv\\scripts\\mlagents-learn AgentController.yaml --initialize-from NewTrainer2 --run-id=NewTrainer8",
        "mlagents_version": "0.30.0",
        "mlagents_envs_version": "0.30.0",
        "communication_protocol_version": "1.5.0",
        "pytorch_version": "2.4.1+cpu",
        "numpy_version": "1.21.2",
        "end_time_seconds": "1729080220"
    },
    "total": 1218.5470344999999,
    "count": 1,
    "self": 0.008425899999792819,
    "children": {
        "run_training.setup": {
            "total": 0.09403379999999961,
            "count": 1,
            "self": 0.09403379999999961
        },
        "TrainerController.start_learning": {
            "total": 1218.4445748,
            "count": 1,
            "self": 0.13964950000149656,
            "children": {
                "TrainerController._reset_env": {
                    "total": 31.2276876,
                    "count": 1,
                    "self": 31.2276876
                },
                "TrainerController.advance": {
                    "total": 1187.0145668999985,
                    "count": 4499,
                    "self": 0.11526259999391186,
                    "children": {
                        "env_step": {
                            "total": 378.15331830000036,
                            "count": 4499,
                            "self": 371.31925289999594,
                            "children": {
                                "SubprocessEnvManager._take_step": {
                                    "total": 6.7691009000005735,
                                    "count": 4500,
                                    "self": 0.5564504999976521,
                                    "children": {
                                        "TorchPolicy.evaluate": {
                                            "total": 6.2126504000029215,
                                            "count": 4088,
                                            "self": 6.2126504000029215
                                        }
                                    }
                                },
                                "workers": {
                                    "total": 0.06496450000383902,
                                    "count": 4499,
                                    "self": 0.0,
                                    "children": {
                                        "worker_root": {
                                            "total": 1160.165481899997,
                                            "count": 4499,
                                            "is_parallel": true,
                                            "self": 838.9724824000007,
                                            "children": {
                                                "steps_from_proto": {
                                                    "total": 0.012932199999998062,