{"count":1,"self":28.3921824,"total":28.471566,"children":{"InitializeActuators":{"count":1,"self":0.0042778999999999994,"total":0.0042778999999999994,"children":null},"InitializeSensors":{"count":1,"self":0.0031658999999999997,"total":0.0031658999999999997,"children":null},"AgentSendState":{"count":1133,"self":0.0100267,"total":0.0207836,"children":{"CollectObservations":{"count":227,"self":0.0025559999999999997,"total":0.0025559999999999997,"children":null},"WriteActionMask":{"count":227,"self":0.0056736,"total":0.0056736,"children":null},"RequestDecision":{"count":227,"self":0.0025272999999999997,"total":0.0025272999999999997,"children":null}}},"DecideAction":{"count":1133,"self":0.011285499999999999,"total":0.011285499999999999,"children":null},"AgentAct":{"count":1133,"self":0.039870699999999995,"total":0.039870699999999995,"children":null}},"gauges":{},"metadata":{"timer_format_version":"0.1.0","start_time_seconds":"1728480195","unity_version":"2022.3.49f1","command_line_arguments":"C:\\Program Files\\Unity\\Hub\\Editor\\2022.3.49f1\\Editor\\Unity.exe -projectpath C:\\Users\\oskar\\Documents\\GitHub\\Reinforcement-learning-Hockey\\Hockey -useHub -hubIPC -cloudEnvironment production -licensingIpc LicenseClient-oskar -hubSessionId f3d72112-9215-4ca5-9b77-289d100773c8 -accessToken oLtV8Qz8YqhPc2ET6BRcksXqg0e04iu_wccH1ES8IJ0005f","communication_protocol_version":"1.5.0","com.unity.ml-agents_version":"2.0.1","scene_name":"SampleScene","end_time_seconds":"1728480223"}}