{"count":1,"self":643.4155008,"total":649.2211358,"children":{"InitializeActuators":{"count":1,"self":0.0015620999999999999,"total":0.0015620999999999999,"children":null},"InitializeSensors":{"count":1,"self":0.0019873,"total":0.0019873,"children":null},"AgentSendState":{"count":32219,"self":1.5958896999999999,"total":1.6614494,"children":{"CollectObservations":{"count":6444,"self":0.022539,"total":0.022539,"children":null},"WriteActionMask":{"count":6444,"self":0.012428999999999999,"total":0.012428999999999999,"children":null},"RequestDecision":{"count":6444,"self":0.0305917,"total":0.0305917,"children":null}}},"DecideAction":{"count":32219,"self":3.5460551999999996,"total":3.6629215999999998,"children":{"RayPerceptionSensor.Perceive":{"count":6444,"self":0.11686629999999999,"total":0.11686629999999999,"children":null}}},"AgentAct":{"count":32219,"self":0.47674229999999995,"total":0.47674229999999995,"children":null}},"gauges":{"AgentController.CumulativeReward":{"count":6,"max":54671.8477,"min":13.42949,"runningAverage":9451.688,"value":54671.8477,"weightedAverage":14044.8672}},"metadata":{"timer_format_version":"0.1.0","start_time_seconds":"1728935238","unity_version":"2022.3.49f1","command_line_arguments":"G:\\Program\\Unity\\2022.3.49f1\\Editor\\Unity.exe -projectpath G:\\Documents\\Code\\Reinforcement-learning-Hockey\\Hockey -useHub -hubIPC -cloudEnvironment production -licensingIpc LicenseClient-oskar -hubSessionId 9518d492-00f2-48f7-976e-a0cf8d39333c -accessToken w17UJ3672NO51xw-DSYy6sOER4j_WYdXYwLtbq3ov28005f","communication_protocol_version":"1.5.0","com.unity.ml-agents_version":"2.0.1","scene_name":"SampleScene","end_time_seconds":"1728935887"}}