{"count":1,"self":3877.5554048,"total":20005.791868199998,"children":{"InitializeActuators":{"count":298,"self":0.0030101999999999998,"total":0.0030101999999999998,"children":null},"InitializeSensors":{"count":298,"self":0.0015057,"total":0.0015057,"children":null},"AgentSendState":{"count":1678201,"self":4978.0543487999994,"total":5493.7417144,"children":{"CollectObservations":{"count":25005329,"self":15.1916256,"total":15.191626399999999,"children":null},"WriteActionMask":{"count":25005329,"self":14.0299024,"total":14.029903,"children":null},"RequestDecision":{"count":25005329,"self":54.132409599999995,"total":486.46563829999997,"children":{"AgentInfo.ToProto":{"count":25005329,"self":42.641427199999995,"total":432.3332268,"children":{"GenerateSensorData":{"count":25005329,"self":231.51119359999998,"total":389.69179859999997,"children":{"RayPerceptionSensor.Perceive":{"count":50010658,"self":158.18062079999999,"total":158.1806164,"children":null}}}}}}}}},"DecideAction":{"count":1678201,"self":10336.9228288,"total":10336.9228998,"children":null},"AgentAct":{"count":1678201,"self":296.255616,"total":296.255613,"children":null},"AgentInfo.ToProto":{"count":43512,"self":0.238391,"total":1.3102645,"children":{"GenerateSensorData":{"count":43512,"self":0.76049499999999992,"total":1.0718735,"children":{"RayPerceptionSensor.Perceive":{"count":87024,"self":0.3113785,"total":0.3113785,"children":null}}}}}},"gauges":{"AgentController.CumulativeReward":{"count":43512,"max":5.496815,"min":-17.5992336,"runningAverage":3.26341653,"value":3.53981018,"weightedAverage":3.51465368}},"metadata":{"timer_format_version":"0.1.0","start_time_seconds":"1733303533","unity_version":"2022.3.47f1","command_line_arguments":"G:\\Program\\Unity\\2022.3.47f1\\Editor\\Unity.exe -projectpath G:\\Documents\\Code\\Reinforcement-learning-Hockey\\Hockey -useHub -hubIPC -cloudEnvironment production -licensingIpc LicenseClient-oskar -hubSessionId c6688200-8a40-4c79-8369-975aed066261 -accessToken esNFnG68r3tRmsF2S94SnE2qLgsw5RD_qpsp_7j9Iv4005f","communication_protocol_version":"1.5.0","com.unity.ml-agents_version":"2.0.1","scene_name":"SampleScene","end_time_seconds":"1733323539"}}