{"count":1,"self":119.13576959999999,"total":1245.3201253,"children":{"InitializeActuators":{"count":200,"self":0.0075426999999999994,"total":0.0075426999999999994,"children":null},"InitializeSensors":{"count":200,"self":0.0060566,"total":0.0060566,"children":null},"AgentSendState":{"count":12551,"self":133.91744,"total":145.99022879999998,"children":{"CollectObservations":{"count":502200,"self":0.64357389999999992,"total":0.64357389999999992,"children":null},"WriteActionMask":{"count":502200,"self":0.34284319999999996,"total":0.34284319999999996,"children":null},"RequestDecision":{"count":502200,"self":1.1633689999999999,"total":11.0863667,"children":{"AgentInfo.ToProto":{"count":502200,"self":0.82746829999999993,"total":9.9229977,"children":{"GenerateSensorData":{"count":502200,"self":5.3960088,"total":9.0955294,"children":{"RayPerceptionSensor.Perceive":{"count":502200,"self":3.6995204,"total":3.6995204,"children":null}}}}}}}}},"DecideAction":{"count":12551,"self":966.8276224,"total":966.82762389999994,"children":null},"AgentAct":{"count":12551,"self":12.714291999999999,"total":12.7142921,"children":null},"AgentInfo.ToProto":{"count":23814,"self":0.102092,"total":0.6376083,"children":{"GenerateSensorData":{"count":23814,"self":0.37165539999999997,"total":0.5355163,"children":{"RayPerceptionSensor.Perceive":{"count":23814,"self":0.1638609,"total":0.1638609,"children":null}}}}}},"gauges":{"AgentController.CumulativeReward":{"count":23814,"max":3.05423212,"min":-0.124055639,"runningAverage":0.393665224,"value":0.3994,"weightedAverage":0.399473071}},"metadata":{"timer_format_version":"0.1.0","start_time_seconds":"1728994877","unity_version":"2022.3.49f1","command_line_arguments":"C:\\Program Files\\Unity\\Hub\\Editor\\2022.3.49f1\\Editor\\Unity.exe -projectpath C:\\Users\\oskar\\Documents\\GitHub\\Reinforcement-learning-Hockey\\Hockey -useHub -hubIPC -cloudEnvironment production -licensingIpc LicenseClient-oskar -hubSessionId eacc3063-ac62-4c5f-8676-561f17da5d3c -accessToken ltvFdRJ9F1OBx3fWtNQnG6mwNAgoQ6ogIGSDGTZp_R0005f","communication_protocol_version":"1.5.0","com.unity.ml-agents_version":"2.0.1","scene_name":"SampleScene","end_time_seconds":"1728996123"}}