{"count":1,"self":477.4182912,"total":2082.7446912,"children":{"InitializeActuators":{"count":300,"self":0.0040319,"total":0.0040319,"children":null},"InitializeSensors":{"count":300,"self":0.0030015999999999997,"total":0.0030015999999999997,"children":null},"AgentSendState":{"count":167317,"self":437.52442879999995,"total":490.30065579999996,"children":{"CollectObservations":{"count":2509800,"self":1.639657,"total":1.639657,"children":null},"WriteActionMask":{"count":2509800,"self":1.5629001,"total":1.5629001,"children":null},"RequestDecision":{"count":2509800,"self":5.6326383999999994,"total":49.5736693,"children":{"AgentInfo.ToProto":{"count":2509800,"self":4.4934952,"total":43.9410308,"children":{"GenerateSensorData":{"count":2509800,"self":24.1777856,"total":39.4475358,"children":{"RayPerceptionSensor.Perceive":{"count":5019600,"self":15.2697504,"total":15.269750499999999,"children":null}}}}}}}}},"DecideAction":{"count":167317,"self":1081.4121983999999,"total":1081.4121679999998,"children":null},"AgentAct":{"count":167317,"self":33.5333632,"total":33.5333626,"children":null},"AgentInfo.ToProto":{"count":2793,"self":0.015319999999999999,"total":0.0721651,"children":{"GenerateSensorData":{"count":2793,"self":0.0415795,"total":0.056845099999999996,"children":{"RayPerceptionSensor.Perceive":{"count":5586,"self":0.015265599999999999,"total":0.015265599999999999,"children":null}}}}}},"gauges":{"AgentController.CumulativeReward":{"count":2793,"max":0.9972,"min":-1.999596,"runningAverage":0.0507713147,"value":-1.999596,"weightedAverage":-0.7368871}},"metadata":{"timer_format_version":"0.1.0","start_time_seconds":"1731075717","unity_version":"2022.3.47f1","command_line_arguments":"G:\\Program\\Unity\\2022.3.47f1\\Editor\\Unity.exe -projectpath G:\\Documents\\Code\\Reinforcement-learning-Hockey\\Hockey -useHub -hubIPC -cloudEnvironment production -licensingIpc LicenseClient-oskar -hubSessionId e8df5d48-c7a9-441b-b799-30c46a557441 -accessToken o5gDDNFRpLfb1R7TWlihIPqiNwwHlcOF1k93QwWNqhw005f","communication_protocol_version":"1.5.0","com.unity.ml-agents_version":"2.0.1","scene_name":"SampleScene","end_time_seconds":"1731077800"}}