{"count":1,"self":1051.2939007999998,"total":4639.9464589,"children":{"InitializeActuators":{"count":300,"self":0.0060317999999999995,"total":0.0060317999999999995,"children":null},"InitializeSensors":{"count":300,"self":0.0050301999999999994,"total":0.0050301999999999994,"children":null},"AgentSendState":{"count":333634,"self":1054.6207743999998,"total":1165.8652989,"children":{"CollectObservations":{"count":5004600,"self":3.5087023999999998,"total":3.5087023,"children":null},"WriteActionMask":{"count":5004600,"self":3.2422359999999997,"total":3.2422359,"children":null},"RequestDecision":{"count":5004600,"self":11.7783144,"total":104.4935586,"children":{"AgentInfo.ToProto":{"count":5004600,"self":9.285128799999999,"total":92.715244,"children":{"GenerateSensorData":{"count":5004600,"self":51.284201599999996,"total":83.430114899999992,"children":{"RayPerceptionSensor.Perceive":{"count":10009200,"self":32.1459136,"total":32.1459122,"children":null}}}}}}}}},"DecideAction":{"count":333634,"self":2340.9115136,"total":2340.9115683,"children":null},"AgentAct":{"count":333634,"self":80.9911616,"total":80.9911628,"children":null},"AgentInfo.ToProto":{"count":24080,"self":0.178762,"total":0.8724822,"children":{"GenerateSensorData":{"count":24080,"self":0.50118319999999994,"total":0.6937202,"children":{"RayPerceptionSensor.Perceive":{"count":48160,"self":0.19253699999999999,"total":0.19253699999999999,"children":null}}}}}},"gauges":{"AgentController.CumulativeReward":{"count":24080,"max":4.90290356,"min":-9.094693,"runningAverage":1.531465,"value":1.86197186,"weightedAverage":1.25645626}},"metadata":{"timer_format_version":"0.1.0","start_time_seconds":"1732290637","unity_version":"2022.3.47f1","command_line_arguments":"G:\\Program\\Unity\\2022.3.47f1\\Editor\\Unity.exe -projectpath G:\\Documents\\Code\\Reinforcement-learning-Hockey\\Hockey -useHub -hubIPC -cloudEnvironment production -licensingIpc LicenseClient-oskar -hubSessionId 0a676298-b625-4a75-819b-f395a2b212df -accessToken DRfs5uuu55edqdTS4LSt_j-GQ1xZpg_pO1jSKo0cQ3k005f","communication_protocol_version":"1.5.0","com.unity.ml-agents_version":"2.0.1","scene_name":"SampleScene","end_time_seconds":"1732295277"}}