{"count":1,"self":472.0344576,"total":2059.3830975,"children":{"InitializeActuators":{"count":300,"self":0.0027459999999999997,"total":0.0027459999999999997,"children":null},"InitializeSensors":{"count":300,"self":0.0020272,"total":0.0020272,"children":null},"AgentSendState":{"count":167267,"self":433.0779136,"total":485.3592225,"children":{"CollectObservations":{"count":2509050,"self":1.7425682,"total":1.7425682,"children":null},"WriteActionMask":{"count":2509050,"self":1.4890259,"total":1.4890259,"children":null},"RequestDecision":{"count":2509050,"self":5.5626267999999994,"total":49.049691599999996,"children":{"AgentInfo.ToProto":{"count":2509050,"self":4.3991223999999995,"total":43.4870647,"children":{"GenerateSensorData":{"count":2509050,"self":23.6374176,"total":39.0879425,"children":{"RayPerceptionSensor.Perceive":{"count":5018100,"self":15.4505248,"total":15.4505249,"children":null}}}}}}}}},"DecideAction":{"count":167267,"self":1067.8699007999999,"total":1067.8699426,"children":null},"AgentAct":{"count":167267,"self":33.98232,"total":33.9823206,"children":null},"AgentInfo.ToProto":{"count":3900,"self":0.033105499999999996,"total":0.1313172,"children":{"GenerateSensorData":{"count":3900,"self":0.072069899999999992,"total":0.0982117,"children":{"RayPerceptionSensor.Perceive":{"count":7800,"self":0.0261418,"total":0.0261418,"children":null}}}}}},"gauges":{"AgentController.CumulativeReward":{"count":3900,"max":0.9979,"min":-1.999596,"runningAverage":0.29072547,"value":0.993000031,"weightedAverage":0.372829735}},"metadata":{"timer_format_version":"0.1.0","start_time_seconds":"1731274975","unity_version":"2022.3.47f1","command_line_arguments":"G:\\Program\\Unity\\2022.3.47f1\\Editor\\Unity.exe -projectpath G:\\Documents\\Code\\Reinforcement-learning-Hockey\\Hockey -useHub -hubIPC -cloudEnvironment production -licensingIpc LicenseClient-oskar -hubSessionId b8e46fad-de11-416b-b405-0f4b776b4d71 -accessToken xY3wdCNX9SdWOCwVA_r4hdHbD4b6MG6IejqZ2vJltns005f","communication_protocol_version":"1.5.0","com.unity.ml-agents_version":"2.0.1","scene_name":"SampleScene","end_time_seconds":"1731277035"}}