{"count":1,"self":292.2328832,"total":293.70475569999996,"children":{"InitializeActuators":{"count":2,"self":0.001024,"total":0.001024,"children":null},"InitializeSensors":{"count":2,"self":0.0015313,"total":0.0015313,"children":null},"AgentSendState":{"count":14383,"self":0.33443039999999996,"total":0.35041649999999996,"children":{"CollectObservations":{"count":1439,"self":0.0010410999999999999,"total":0.0010410999999999999,"children":null},"WriteActionMask":{"count":1439,"self":0.0026043999999999998,"total":0.0026043999999999998,"children":null},"RequestDecision":{"count":1439,"self":0.0123406,"total":0.0123406,"children":null}}},"DecideAction":{"count":14383,"self":0.9337209,"total":0.95293129999999993,"children":{"RayPerceptionSensor.Perceive":{"count":2878,"self":0.0192104,"total":0.0192104,"children":null}}},"AgentAct":{"count":14383,"self":0.16497309999999998,"total":0.16497309999999998,"children":null}},"gauges":{"AgentController.CumulativeReward":{"count":10,"max":-3.63602877,"min":-31.4212379,"runningAverage":-20.213171,"value":-3.63602877,"weightedAverage":-17.1501732}},"metadata":{"timer_format_version":"0.1.0","start_time_seconds":"1730995733","unity_version":"2022.3.47f1","command_line_arguments":"G:\\Program\\Unity\\2022.3.47f1\\Editor\\Unity.exe -projectpath G:\\Documents\\Code\\Reinforcement-learning-Hockey\\Hockey -useHub -hubIPC -cloudEnvironment production -licensingIpc LicenseClient-oskar -hubSessionId d9266745-a226-4cf0-b522-0cc2d984d07d -accessToken vacTB3L1IC9BhgGD3cAHhZEpYSH-z7z6_GbtnFQCZZU005f","communication_protocol_version":"1.5.0","com.unity.ml-agents_version":"2.0.1","scene_name":"SampleScene","end_time_seconds":"1730996027"}}