{"count":1,"self":937.89695999999992,"total":4412.1836083,"children":{"InitializeActuators":{"count":298,"self":0.0038851,"total":0.0038851,"children":null},"InitializeSensors":{"count":298,"self":0.001008,"total":0.001008,"children":null},"AgentSendState":{"count":335901,"self":1027.3680384,"total":1135.149528,"children":{"CollectObservations":{"count":5005059,"self":3.3251592,"total":3.3251592999999997,"children":null},"WriteActionMask":{"count":5005059,"self":3.2448303999999997,"total":3.2448305,"children":null},"RequestDecision":{"count":5005059,"self":11.245133599999999,"total":101.2115153,"children":{"AgentInfo.ToProto":{"count":5005059,"self":9.1446816,"total":89.9663818,"children":{"GenerateSensorData":{"count":5005059,"self":49.0359744,"total":80.8217001,"children":{"RayPerceptionSensor.Perceive":{"count":10010118,"self":31.785724799999997,"total":31.785725999999997,"children":null}}}}}}}}},"DecideAction":{"count":335901,"self":2263.3846783999998,"total":2263.3846149,"children":null},"AgentAct":{"count":335901,"self":74.768422399999992,"total":74.76842409999999,"children":null},"AgentInfo.ToProto":{"count":31135,"self":0.2092619,"total":0.9781974,"children":{"GenerateSensorData":{"count":31135,"self":0.5482971,"total":0.7689355,"children":{"RayPerceptionSensor.Perceive":{"count":62270,"self":0.22063839999999998,"total":0.22063839999999998,"children":null}}}}}},"gauges":{"AgentController.CumulativeReward":{"count":31135,"max":0.984,"min":-4.439986,"runningAverage":0.408011168,"value":0.387999475,"weightedAverage":0.533890963}},"metadata":{"timer_format_version":"0.1.0","start_time_seconds":"1733693219","unity_version":"2022.3.47f1","command_line_arguments":"G:\\Program\\Unity\\2022.3.47f1\\Editor\\Unity.exe -projectpath G:\\Documents\\Code\\Reinforcement-learning-Hockey\\Hockey -useHub -hubIPC -cloudEnvironment production -licensingIpc LicenseClient-oskar -hubSessionId 53562f4c-16cc-42c7-bdfd-ceb62865dfd7 -accessToken wstkuWCtyOd_8ZXhyPg0rZWwNt8rec0kRl_WN3SWDz8005f","communication_protocol_version":"1.5.0","com.unity.ml-agents_version":"2.0.1","scene_name":"SampleScene","end_time_seconds":"1733697631"}}