{"count":1,"self":770.9159424,"total":4193.6620751,"children":{"InitializeActuators":{"count":298,"self":0.0032932,"total":0.0032932,"children":null},"InitializeSensors":{"count":298,"self":0.0015069999999999999,"total":0.0015069999999999999,"children":null},"AgentSendState":{"count":335884,"self":1046.1251584,"total":1155.5781874,"children":{"CollectObservations":{"count":5004761,"self":3.4067892,"total":3.4067892,"children":null},"WriteActionMask":{"count":5004761,"self":3.2319549999999997,"total":3.2319549999999997,"children":null},"RequestDecision":{"count":5004761,"self":11.815102399999999,"total":102.81424419999999,"children":{"AgentInfo.ToProto":{"count":5004761,"self":8.7636056,"total":90.999141999999992,"children":{"GenerateSensorData":{"count":5004761,"self":50.526739199999994,"total":82.2355366,"children":{"RayPerceptionSensor.Perceive":{"count":10009522,"self":31.7088,"total":31.7087984,"children":null}}}}}}}}},"DecideAction":{"count":335884,"self":2196.453376,"total":2196.4534458,"children":null},"AgentAct":{"count":335884,"self":70.4488448,"total":70.448848,"children":null},"AgentInfo.ToProto":{"count":8545,"self":0.044591599999999995,"total":0.25987119999999997,"children":{"GenerateSensorData":{"count":8545,"self":0.15588059999999998,"total":0.2152796,"children":{"RayPerceptionSensor.Perceive":{"count":17090,"self":0.059399,"total":0.059399,"children":null}}}}}},"gauges":{"AgentController.CumulativeReward":{"count":8545,"max":5.50981426,"min":-9.055682,"runningAverage":3.38521171,"value":3.35682964,"weightedAverage":3.47604132}},"metadata":{"timer_format_version":"0.1.0","start_time_seconds":"1733402338","unity_version":"2022.3.47f1","command_line_arguments":"G:\\Program\\Unity\\2022.3.47f1\\Editor\\Unity.exe -projectpath G:\\Documents\\Code\\Reinforcement-learning-Hockey\\Hockey -useHub -hubIPC -cloudEnvironment production -licensingIpc LicenseClient-oskar -hubSessionId f7c2ecb2-6676-456f-bd5f-4e8a286727f0 -accessToken hRyOU_ex0IPpUmwKuq-4lz5enZ2nkA677DX7SbjShAo005f","communication_protocol_version":"1.5.0","com.unity.ml-agents_version":"2.0.1","scene_name":"SampleScene","end_time_seconds":"1733406532"}}