{"count":1,"self":695.3680896,"total":3176.0253706,"children":{"InitializeActuators":{"count":300,"self":0.0044849999999999994,"total":0.0044849999999999994,"children":null},"InitializeSensors":{"count":300,"self":0.0042861,"total":0.0042861,"children":null},"AgentSendState":{"count":266701,"self":708.8094208,"total":792.3254687,"children":{"CollectObservations":{"count":4000650,"self":2.5878099999999997,"total":2.5878099,"children":null},"WriteActionMask":{"count":4000650,"self":2.5312082,"total":2.5312082,"children":null},"RequestDecision":{"count":4000650,"self":9.1281568,"total":78.3970313,"children":{"AgentInfo.ToProto":{"count":4000650,"self":7.0826784,"total":69.268874099999991,"children":{"GenerateSensorData":{"count":4000650,"self":37.695814399999996,"total":62.1861955,"children":{"RayPerceptionSensor.Perceive":{"count":8001300,"self":24.4903792,"total":24.4903799,"children":null}}}}}}}}},"DecideAction":{"count":266701,"self":1638.5480704,"total":1638.5480484999998,"children":null},"AgentAct":{"count":266701,"self":49.767942399999995,"total":49.767941799999996,"children":null},"AgentInfo.ToProto":{"count":453,"self":0.0010327,"total":0.0070615,"children":{"GenerateSensorData":{"count":453,"self":0.0045284,"total":0.0060288,"children":{"RayPerceptionSensor.Perceive":{"count":906,"self":0.0015003999999999998,"total":0.0015003999999999998,"children":null}}}}}},"gauges":{"AgentController.CumulativeReward":{"count":453,"max":0.9145997,"min":-1.99994123,"runningAverage":-1.95848238,"value":-1.99994123,"weightedAverage":-1.99994111}},"metadata":{"timer_format_version":"0.1.0","start_time_seconds":"1731599352","unity_version":"2022.3.47f1","command_line_arguments":"G:\\Program\\Unity\\2022.3.47f1\\Editor\\Unity.exe -projectpath G:\\Documents\\Code\\Reinforcement-learning-Hockey\\Hockey -useHub -hubIPC -cloudEnvironment production -licensingIpc LicenseClient-oskar -hubSessionId 86074441-3f3a-4c43-8ab5-1cd6acd4e159 -accessToken l9BWSBHG5_fazxkEzUmSm68h1h8fkB2BeZEVdjgerng005f","communication_protocol_version":"1.5.0","com.unity.ml-agents_version":"2.0.1","scene_name":"SampleScene","end_time_seconds":"1731602528"}}