{"count":1,"self":917.6342528,"total":4354.6528108,"children":{"InitializeActuators":{"count":300,"self":0.0035846999999999997,"total":0.0035846999999999997,"children":null},"InitializeSensors":{"count":300,"self":0.0054832,"total":0.0054832,"children":null},"AgentSendState":{"count":329067,"self":929.5827968,"total":1040.6096619999998,"children":{"CollectObservations":{"count":4936050,"self":3.6469696,"total":3.6469693999999997,"children":null},"WriteActionMask":{"count":4936050,"self":3.3785756,"total":3.3785757,"children":null},"RequestDecision":{"count":4936050,"self":11.9343728,"total":104.0012836,"children":{"AgentInfo.ToProto":{"count":4936050,"self":9.394840799999999,"total":92.0669111,"children":{"GenerateSensorData":{"count":4936050,"self":51.3151168,"total":82.672069999999991,"children":{"RayPerceptionSensor.Perceive":{"count":9872100,"self":31.356953599999997,"total":31.356954599999998,"children":null}}}}}}}}},"DecideAction":{"count":329067,"self":2310.6674688,"total":2310.6675047999997,"children":null},"AgentAct":{"count":329067,"self":85.0703296,"total":85.0703309,"children":null},"AgentInfo.ToProto":{"count":19328,"self":0.1314698,"total":0.66052499999999992,"children":{"GenerateSensorData":{"count":19328,"self":0.3799129,"total":0.5290552,"children":{"RayPerceptionSensor.Perceive":{"count":38656,"self":0.1491423,"total":0.1491423,"children":null}}}}}},"gauges":{"AgentController.CumulativeReward":{"count":19328,"max":0.984,"min":-9.139999,"runningAverage":-0.234380767,"value":0.94,"weightedAverage":0.391704828}},"metadata":{"timer_format_version":"0.1.0","start_time_seconds":"1732117620","unity_version":"2022.3.47f1","command_line_arguments":"G:\\Program\\Unity\\2022.3.47f1\\Editor\\Unity.exe -projectpath G:\\Documents\\Code\\Reinforcement-learning-Hockey\\Hockey -useHub -hubIPC -cloudEnvironment production -licensingIpc LicenseClient-oskar -hubSessionId 7dfa14c2-c06f-4c40-97d0-8efbee6cdfe1 -accessToken pzO4L5wnC0ArT2wJ-MaOWbo9ftIE4I0FJybjSofVCV8005f","communication_protocol_version":"1.5.0","com.unity.ml-agents_version":"2.0.1","scene_name":"SampleScene","end_time_seconds":"1732121975"}}