{"count":1,"self":972.97868799999992,"total":983.17333509999992,"children":{"InitializeActuators":{"count":2,"self":0.0051773999999999995,"total":0.0051773999999999995,"children":null},"InitializeSensors":{"count":2,"self":0.0025726,"total":0.0025726,"children":null},"AgentSendState":{"count":48870,"self":2.4958176,"total":2.5724587,"children":{"CollectObservations":{"count":4887,"self":0.0056333999999999993,"total":0.0056333999999999993,"children":null},"WriteActionMask":{"count":4887,"self":0.010456499999999999,"total":0.010456499999999999,"children":null},"RequestDecision":{"count":4887,"self":0.0605512,"total":0.0605512,"children":null}}},"DecideAction":{"count":48870,"self":6.2647784,"total":6.4442366999999994,"children":{"RayPerceptionSensor.Perceive":{"count":9774,"self":0.1794584,"total":0.1794584,"children":null}}},"AgentAct":{"count":48870,"self":1.1691563999999999,"total":1.1691563999999999,"children":null}},"gauges":{"AgentController.CumulativeReward":{"count":17,"max":0.8831002,"min":-10.9966574,"runningAverage":-2.391923,"value":-10.9959574,"weightedAverage":-2.76556373}},"metadata":{"timer_format_version":"0.1.0","start_time_seconds":"1731424048","unity_version":"2022.3.47f1","command_line_arguments":"C:\\Program Files\\Unity\\Hub\\Editor\\2022.3.47f1\\Editor\\Unity.exe -projectpath C:\\Users\\oskar\\Documents\\GitHub\\Reinforcement-learning-Hockey\\Hockey -useHub -hubIPC -cloudEnvironment production -licensingIpc LicenseClient-oskar -hubSessionId 1f5b4cec-e2e7-4797-9f27-4216e8c5630c -accessToken 2aigcEO2hHVMs-Fv6CAwqs1aDcqTvUiqXKW7vemktY4005f","communication_protocol_version":"1.5.0","com.unity.ml-agents_version":"2.0.1","scene_name":"SampleScene","end_time_seconds":"1731425031"}}