{"count":1,"self":6402.4162304,"total":32782.981349199996,"children":{"InitializeActuators":{"count":298,"self":0.0060636,"total":0.0060636,"children":null},"InitializeSensors":{"count":298,"self":0.0020672,"total":0.0020672,"children":null},"AgentSendState":{"count":2684851,"self":8074.7298815999993,"total":8927.8991262,"children":{"CollectObservations":{"count":40004414,"self":25.4426784,"total":25.4426784,"children":null},"WriteActionMask":{"count":40004414,"self":25.599144,"total":25.599143299999998,"children":null},"RequestDecision":{"count":40004414,"self":88.5813568,"total":802.1275985,"children":{"AgentInfo.ToProto":{"count":40004414,"self":69.8621888,"total":713.5462423,"children":{"GenerateSensorData":{"count":40004414,"self":390.334336,"total":643.6840536,"children":{"RayPerceptionSensor.Perceive":{"count":80008828,"self":253.3497344,"total":253.3497237,"children":null}}}}}}}}},"DecideAction":{"count":2684851,"self":16929.767423999998,"total":16929.76803,"children":null},"AgentAct":{"count":2684851,"self":520.5009408,"total":520.5009553,"children":null},"AgentInfo.ToProto":{"count":81129,"self":0.4436193,"total":2.3878344,"children":{"GenerateSensorData":{"count":81129,"self":1.3129918999999999,"total":1.9442150999999999,"children":{"RayPerceptionSensor.Perceive":{"count":162258,"self":0.6312232,"total":0.6312232,"children":null}}}}}},"gauges":{"AgentController.CumulativeReward":{"count":81129,"max":0.9946,"min":-25.5515766,"runningAverage":-2.202861,"value":0.6899978,"weightedAverage":-0.6384475}},"metadata":{"timer_format_version":"0.1.0","start_time_seconds":"1733736040","unity_version":"2022.3.47f1","command_line_arguments":"G:\\Program\\Unity\\2022.3.47f1\\Editor\\Unity.exe -projectpath G:\\Documents\\Code\\Reinforcement-learning-Hockey\\Hockey -useHub -hubIPC -cloudEnvironment production -licensingIpc LicenseClient-oskar -hubSessionId 3b597b83-466b-4db6-9a04-4391d2152da2 -accessToken DsjRatpi08QFlVG9uePV-dkIdYNEYskH8ShfHyi4rtQ005f","communication_protocol_version":"1.5.0","com.unity.ml-agents_version":"2.0.1","scene_name":"SampleScene","end_time_seconds":"1733768823"}}