{"count":1,"self":884.12416,"total":4293.8938204,"children":{"InitializeActuators":{"count":298,"self":0.0052623999999999995,"total":0.0052623999999999995,"children":null},"InitializeSensors":{"count":298,"self":0.0037977999999999996,"total":0.0037977999999999996,"children":null},"AgentSendState":{"count":335851,"self":1055.8782463999999,"total":1163.6469069,"children":{"CollectObservations":{"count":5004314,"self":3.5768488,"total":3.5768488,"children":null},"WriteActionMask":{"count":5004314,"self":3.2387832,"total":3.2387832,"children":null},"RequestDecision":{"count":5004314,"self":11.35722,"total":100.9530621,"children":{"AgentInfo.ToProto":{"count":5004314,"self":9.2449352,"total":89.595842199999993,"children":{"GenerateSensorData":{"count":5004314,"self":48.5186912,"total":80.350906999999992,"children":{"RayPerceptionSensor.Perceive":{"count":10008628,"self":31.832214399999998,"total":31.832214699999998,"children":null}}}}}}}}},"DecideAction":{"count":335851,"self":2177.7866752,"total":2177.7865874999998,"children":null},"AgentAct":{"count":335851,"self":67.506592,"total":67.5065947,"children":null},"AgentInfo.ToProto":{"count":26219,"self":0.1483873,"total":0.81946599999999992,"children":{"GenerateSensorData":{"count":26219,"self":0.46433359999999996,"total":0.67107869999999992,"children":{"RayPerceptionSensor.Perceive":{"count":52438,"self":0.2067451,"total":0.2067451,"children":null}}}}}},"gauges":{"AgentController.CumulativeReward":{"count":26219,"max":0.988,"min":-5.839992,"runningAverage":0.2614193,"value":0.0439987779,"weightedAverage":0.6430045}},"metadata":{"timer_format_version":"0.1.0","start_time_seconds":"1733259474","unity_version":"2022.3.47f1","command_line_arguments":"G:\\Program\\Unity\\2022.3.47f1\\Editor\\Unity.exe -projectpath G:\\Documents\\Code\\Reinforcement-learning-Hockey\\Hockey -useHub -hubIPC -cloudEnvironment production -licensingIpc LicenseClient-oskar -hubSessionId 46228001-7c66-4c4b-94c1-1ae54c06f7c5 -accessToken R_nMXWLbVCg2S6YhtiQKOpp9XRs3n7EH58eh1zgHPw8005f","communication_protocol_version":"1.5.0","com.unity.ml-agents_version":"2.0.1","scene_name":"SampleScene","end_time_seconds":"1733263767"}}