{"count":1,"self":180.6114816,"total":781.3036462,"children":{"InitializeActuators":{"count":300,"self":0.0020198,"total":0.0020198,"children":null},"InitializeSensors":{"count":300,"self":0.0036317999999999997,"total":0.0036317999999999997,"children":null},"AgentSendState":{"count":66984,"self":142.3895296,"total":161.2753889,"children":{"CollectObservations":{"count":1004850,"self":0.6017135,"total":0.6017135,"children":null},"WriteActionMask":{"count":1004850,"self":0.6304911,"total":0.6304911,"children":null},"RequestDecision":{"count":1004850,"self":2.1395044,"total":17.6536497,"children":{"AgentInfo.ToProto":{"count":1004850,"self":1.7027143999999999,"total":15.514145399999999,"children":{"GenerateSensorData":{"count":1004850,"self":9.0177807999999988,"total":13.8114309,"children":{"RayPerceptionSensor.Perceive":{"count":2009700,"self":4.7936496,"total":4.7936498,"children":null}}}}}}}}},"DecideAction":{"count":66984,"self":426.44116479999997,"total":426.4411543,"children":null},"AgentAct":{"count":66984,"self":12.8509648,"total":12.850964999999999,"children":null},"AgentInfo.ToProto":{"count":4593,"self":0.022330199999999998,"total":0.11801339999999999,"children":{"GenerateSensorData":{"count":4593,"self":0.066663199999999992,"total":0.0956832,"children":{"RayPerceptionSensor.Perceive":{"count":9186,"self":0.029019999999999997,"total":0.029019999999999997,"children":null}}}}}},"gauges":{"AgentController.CumulativeReward":{"count":4593,"max":3.14999938,"min":-1124.17456,"runningAverage":-3.673734,"value":-3.175003,"weightedAverage":-1.94454825}},"metadata":{"timer_format_version":"0.1.0","start_time_seconds":"1730758861","unity_version":"2022.3.47f1","command_line_arguments":"G:\\Program\\Unity\\2022.3.47f1\\Editor\\Unity.exe -projectpath G:\\Documents\\Code\\Reinforcement-learning-Hockey\\Hockey -useHub -hubIPC -cloudEnvironment production -licensingIpc LicenseClient-oskar -hubSessionId 02047389-99ef-4fa0-886e-97b083decdfb -accessToken QeKmNNyEJD-zKGq3vQeHtN-km7NSZyS54gtuMMhiebk005f","communication_protocol_version":"1.5.0","com.unity.ml-agents_version":"2.0.1","scene_name":"SampleScene","end_time_seconds":"1730759642"}}