{"count":1,"self":236.6776576,"total":584.0568407,"children":{"InitializeActuators":{"count":41,"self":0.0025686999999999997,"total":0.0025686999999999997,"children":null},"InitializeSensors":{"count":41,"self":0.0015364999999999999,"total":0.0015364999999999999,"children":null},"AgentSendState":{"count":61134,"self":56.5572224,"total":65.4958891,"children":{"CollectObservations":{"count":501307,"self":0.5311504,"total":0.5311504,"children":null},"WriteActionMask":{"count":501307,"self":0.3394892,"total":0.3394892,"children":null},"RequestDecision":{"count":501307,"self":1.2252942999999998,"total":8.0680288,"children":{"AgentInfo.ToProto":{"count":501307,"self":0.8594837,"total":6.8427345,"children":{"GenerateSensorData":{"count":501307,"self":4.0694484,"total":5.9832507999999995,"children":{"RayPerceptionSensor.Perceive":{"count":501307,"self":1.9138024,"total":1.9138023,"children":null}}}}}}}}},"DecideAction":{"count":61134,"self":270.1403648,"total":270.1403583,"children":null},"AgentAct":{"count":61134,"self":11.725674399999999,"total":11.7256742,"children":null},"AgentInfo.ToProto":{"count":232,"self":0.0030426999999999997,"total":0.0121315,"children":{"GenerateSensorData":{"count":232,"self":0.008077599999999999,"total":0.0090888,"children":{"RayPerceptionSensor.Perceive":{"count":232,"self":0.0010111999999999999,"total":0.0010111999999999999,"children":null}}}}}},"gauges":{"My Behavior.CumulativeReward":{"count":232,"max":5.299999,"min":-0.1,"runningAverage":0.847413838,"value":4.5,"weightedAverage":2.55174565}},"metadata":{"timer_format_version":"0.1.0","start_time_seconds":"1728651264","unity_version":"2022.3.49f1","command_line_arguments":"C:\\Program Files\\Unity\\Hub\\Editor\\2022.3.49f1\\Editor\\Unity.exe -projectpath C:\\Users\\oskar\\Documents\\GitHub\\Reinforcement-learning-Hockey\\Hockey -useHub -hubIPC -cloudEnvironment production -licensingIpc LicenseClient-oskar -hubSessionId eacc3063-ac62-4c5f-8676-561f17da5d3c -accessToken 1ru78q1vOPJKwnet7R4QSQLknaJiSgv2XElS4roS2tc005f","communication_protocol_version":"1.5.0","com.unity.ml-agents_version":"2.0.1","scene_name":"SampleScene","end_time_seconds":"1728651848"}}