{
    "name": "root",
    "gauges": {
        "AgentController.Policy.Entropy.mean": {
            "value": 1.0866233110427856,
            "min": 1.0866233110427856,
            "max": 1.1354535818099976,
            "count": 6
        },
        "AgentController.Policy.Entropy.sum": {
            "value": 8692.986328125,
            "min": 8692.986328125,
            "max": 17937.8671875,
            "count": 6
        },
        "AgentController.Environment.EpisodeLength.mean": {
            "value": 111.0,
            "min": 71.07692307692308,
            "max": 141.4,
            "count": 4
        },
        "AgentController.Environment.EpisodeLength.sum": {
            "value": 111.0,
            "min": 111.0,
            "max": 1848.0,
            "count": 4
        },
        "AgentController.Step.mean": {
            "value": 59958.0,
            "min": 9938.0,
            "max": 59958.0,
            "count": 6
        },
        "AgentController.Step.sum": {
            "value": 59958.0,
            "min": 9938.0,
            "max": 59958.0,
            "count": 6
        },
        "AgentController.Policy.ExtrinsicValueEstimate.mean": {
            "value": -1.2792627811431885,
            "min": -1.2792627811431885,
            "max": 0.7060461640357971,
            "count": 6
        },
        "AgentController.Policy.ExtrinsicValueEstimate.sum": {
            "value": -199.56500244140625,
            "min": -199.56500244140625,
            "max": 115.79157257080078,
            "count": 6
        },
        "AgentController.Environment.CumulativeReward.mean": {
            "value": -0.30148082971572876,
            "min": -0.30148082971572876,
            "max": 0.7668454790344605,
            "count": 4
        },
        "AgentController.Environment.CumulativeReward.sum": {
            "value": -0.30148082971572876,
            "min": -0.30148082971572876,
            "max": 19.937982454895973,
            "count": 4
        },
        "AgentController.Policy.ExtrinsicReward.mean": {
            "value": -0.30148082971572876,
            "min": -0.30148082971572876,
            "max": 0.7668454790344605,
            "count": 4
        },
        "AgentController.Policy.ExtrinsicReward.sum": {
            "value": -0.30148082971572876,
            "min": -0.30148082971572876,
            "max": 19.937982454895973,
            "count": 4
        },
        "AgentController.Losses.PolicyLoss.mean": {
            "value": 0.24320430884439917,
            "min": 0.23452047688921226,
            "max": 0.2525758178254761,
            "count": 6
        },
        "AgentController.Losses.PolicyLoss.sum": {
            "value": 2.91845170613279,
            "min": 2.6276857800267335,
            "max": 4.705210203603739,
            "count": 6
        },
        "AgentController.Losses.ValueLoss.mean": {
            "value": 0.010297139543729883,
            "min": 0.010297139543729883,
            "max": 0.07842319690218696,
            "count": 6
        },
        "AgentController.Losses.ValueLoss.sum": {
            "value": 0.12356567452475858,
            "min": 0.12356567452475858,
            "max": 1.0195015597284305,
            "count": 6
        },
        "AgentController.Policy.LearningRate.mean": {
            "value": 0.00026642201119266663,
            "min": 0.00026642201119266663,
            "max": 0.0002968372164388769,
            "count": 6
        },
        "AgentController.Policy.LearningRate.sum": {
            "value": 0.0031970641343119994,
            "min": 0.0031936500354500003,
            "max": 0.0053034613321796,
            "count": 6
        },
        "AgentController.Policy.Epsilon.mean": {
            "value": 0.18880733333333335,
            "min": 0.18880733333333335,
            "max": 0.19894573846153848,
            "count": 6
        },
        "AgentController.Policy.Epsilon.sum": {
            "value": 2.2656880000000004,
            "min": 2.16455,
            "max": 3.6678204,
            "count": 6
        },
        "AgentController.Policy.Beta.mean": {
            "value": 0.0005000000000000001,
            "min": 0.0005,
            "max": 0.0005000000000000002,
            "count": 6
        },
        "AgentController.Policy.Beta.sum": {
            "value": 0.006000000000000002,
            "min": 0.005500000000000001,
            "max": 0.009500000000000001,
            "count": 6
        },
        "AgentController.IsTraining.mean": {
            "value": 1.0,
            "min": 1.0,
            "max": 1.0,
            "count": 6
        },
        "AgentController.IsTraining.sum": {
            "value": 1.0,
            "min": 1.0,
            "max": 1.0,
            "count": 6
        }
    },
    "metadata": {
        "timer_format_version": "0.1.0",
        "start_time_seconds": "1729077808",
        "python_version": "3.9.13 (tags/v3.9.13:6de2ca5, May 17 2022, 16:36:42) [MSC v.1929 64 bit (AMD64)]",
        "command_line_arguments": "C:\\Users\\oskar\\Documents\\GitHub\\Reinforcement-learning-Hockey\\Hockey\\venv\\scripts\\mlagents-learn AgentController.yaml --initialize-from NewTrainer2 --run-id=NewTrainer6",
        "mlagents_version": "0.30.0",
        "mlagents_envs_version": "0.30.0",
        "communication_protocol_version": "1.5.0",
        "pytorch_version": "2.4.1+cpu",
        "numpy_version": "1.21.2",
        "end_time_seconds": "1729078036"
    },
    "total": 227.7532564,
    "count": 1,
    "self": 0.00799619999997958,
    "children": {
        "run_training.setup": {
            "total": 0.10054989999999986,
            "count": 1,
            "self": 0.10054989999999986
        },
        "TrainerController.start_learning": {
            "total": 227.6447103,
            "count": 1,
            "self": 0.013513300000141726,
            "children": {
                "TrainerController._reset_env": {
                    "total": 15.0561747,
                    "count": 1,
                    "self": 15.0561747
                },
                "TrainerController.advance": {
                    "total": 212.43851369999985,
                    "count": 538,
                    "self": 0.011905899999817393,
                    "children": {
                        "env_step": {
                            "total": 107.14165399999999,
                            "count": 538,
                            "self": 106.23856019999985,
                            "children": {
                                "SubprocessEnvManager._take_step": {
                                    "total": 0.8955635000002893,
                                    "count": 538,
                                    "self": 0.0671344000002172,
                                    "children": {
                                        "TorchPolicy.evaluate": {
                                            "total": 0.8284291000000721,
                                            "count": 514,
                                            "self": 0.8284291000000721
                                        }
                                    }
                                },
                                "workers": {
                                    "total": 0.00753029999985344,
                                    "count": 537,
                                    "self": 0.0,
                                    "children": {
                                        "worker_root": {
                                            "total": 150.48593300000022,
                                            "count": 537,
                                            "is_parallel": true,
                                            "self": 109.88962520000013,
                                            "children": {
                                                "steps_from_proto": {
                                                    "total": 0.007453799999998623,