{
    "name": "root",
    "gauges": {
        "MyBehavior.Policy.Entropy.mean": {
            "value": 1.410180687904358,
            "min": 1.4098774194717407,
            "max": 1.416451096534729,
            "count": 10
        },
        "MyBehavior.Policy.Entropy.sum": {
            "value": 70421.6015625,
            "min": 70348.65625,
            "max": 72449.703125,
            "count": 10
        },
        "MyBehavior.Environment.EpisodeLength.mean": {
            "value": 7030.0,
            "min": 188.84,
            "max": 7030.0,
            "count": 10
        },
        "MyBehavior.Environment.EpisodeLength.sum": {
            "value": 21090.0,
            "min": 1801.0,
            "max": 63733.0,
            "count": 10
        },
        "MyBehavior.Step.mean": {
            "value": 499958.0,
            "min": 49950.0,
            "max": 499958.0,
            "count": 10
        },
        "MyBehavior.Step.sum": {
            "value": 499958.0,
            "min": 49950.0,
            "max": 499958.0,
            "count": 10
        },
        "MyBehavior.Policy.ExtrinsicValueEstimate.mean": {
            "value": 0.02312358468770981,
            "min": 0.02312358468770981,
            "max": 0.21188035607337952,
            "count": 10
        },
        "MyBehavior.Policy.ExtrinsicValueEstimate.sum": {
            "value": 18.128890991210938,
            "min": 18.128890991210938,
            "max": 167.17359924316406,
            "count": 10
        },
        "MyBehavior.Environment.CumulativeReward.mean": {
            "value": 2.7666667327284813,
            "min": 0.02666666736205419,
            "max": 2.7666667327284813,
            "count": 10
        },
        "MyBehavior.Environment.CumulativeReward.sum": {
            "value": 8.300000198185444,
            "min": 1.600000038743019,
            "max": 73.70000169426203,
            "count": 10
        },
        "MyBehavior.Policy.ExtrinsicReward.mean": {
            "value": 2.7666667327284813,
            "min": 0.02666666736205419,
            "max": 2.7666667327284813,
            "count": 10
        },
        "MyBehavior.Policy.ExtrinsicReward.sum": {
            "value": 8.300000198185444,
            "min": 1.600000038743019,
            "max": 73.70000169426203,
            "count": 10
        },
        "MyBehavior.Losses.PolicyLoss.mean": {
            "value": 0.026664837254017283,
            "min": 0.023030154613855606,
            "max": 0.026664837254017283,
            "count": 10
        },
        "MyBehavior.Losses.PolicyLoss.sum": {
            "value": 0.1333241862700864,
            "min": 0.09490686628414552,
            "max": 0.1333241862700864,
            "count": 10
        },
        "MyBehavior.Losses.ValueLoss.mean": {
            "value": 0.00037472955513900765,
            "min": 0.00037472955513900765,
            "max": 0.005914085742551833,
            "count": 10
        },
        "MyBehavior.Losses.ValueLoss.sum": {
            "value": 0.0018736477756950381,
            "min": 0.0018736477756950381,
            "max": 0.026541738427476955,
            "count": 10
        },
        "MyBehavior.Policy.LearningRate.mean": {
            "value": 1.57824947392e-05,
            "min": 1.57824947392e-05,
            "max": 0.0002845551051482999,
            "count": 10
        },
        "MyBehavior.Policy.LearningRate.sum": {
            "value": 7.891247369599999e-05,
            "min": 7.891247369599999e-05,
            "max": 0.0012833982722005996,
            "count": 10
        },
        "MyBehavior.Policy.Epsilon.mean": {
            "value": 0.10526080000000002,
            "min": 0.10526080000000002,
            "max": 0.19485170000000002,
            "count": 10
        },
        "MyBehavior.Policy.Epsilon.sum": {
            "value": 0.5263040000000001,
            "min": 0.49940280000000004,
            "max": 0.9277994,
            "count": 10
        },
        "MyBehavior.Policy.Beta.mean": {
            "value": 0.00027251392000000006,
            "min": 0.00027251392000000006,
            "max": 0.004743099830000001,
            "count": 10
        },
        "MyBehavior.Policy.Beta.sum": {
            "value": 0.0013625696000000003,
            "min": 0.0013625696000000003,
            "max": 0.02139719006,
            "count": 10
        },
        "MyBehavior.IsTraining.mean": {
            "value": 1.0,
            "min": 1.0,
            "max": 1.0,
            "count": 10
        },
        "MyBehavior.IsTraining.sum": {
            "value": 1.0,
            "min": 1.0,
            "max": 1.0,
            "count": 10
        }
    },
    "metadata": {
        "timer_format_version": "0.1.0",
        "start_time_seconds": "1728651256",
        "python_version": "3.9.13 (tags/v3.9.13:6de2ca5, May 17 2022, 16:36:42) [MSC v.1929 64 bit (AMD64)]",
        "command_line_arguments": "C:\\Users\\oskar\\Documents\\GitHub\\Reinforcement-learning-Hockey\\Hockey\\venv\\scripts\\mlagents-learn --run-id=hockeyPlayer2 --train",
        "mlagents_version": "0.30.0",
        "mlagents_envs_version": "0.30.0",
        "communication_protocol_version": "1.5.0",
        "pytorch_version": "2.4.1+cpu",
        "numpy_version": "1.21.2",
        "end_time_seconds": "1728651848"
    },
    "total": 592.1357905,
    "count": 1,
    "self": 0.007813499999883788,
    "children": {
        "run_training.setup": {
            "total": 0.13109880000000018,
            "count": 1,
            "self": 0.13109880000000018
        },
        "TrainerController.start_learning": {
            "total": 591.9968782000001,
            "count": 1,
            "self": 0.32803570000328364,
            "children": {
                "TrainerController._reset_env": {
                    "total": 9.5070648,
                    "count": 1,
                    "self": 9.5070648
                },
                "TrainerController.advance": {
                    "total": 582.1137797999969,
                    "count": 12391,
                    "self": 0.26610709999840765,
                    "children": {
                        "env_step": {
                            "total": 442.5747861999979,
                            "count": 12391,
                            "self": 424.16551760000004,
                            "children": {
                                "SubprocessEnvManager._take_step": {
                                    "total": 18.217838099997223,
                                    "count": 12391,
                                    "self": 1.071284899998993,
                                    "children": {
                                        "TorchPolicy.evaluate": {
                                            "total": 17.14655319999823,
                                            "count": 12226,
                                            "self": 17.14655319999823
                                        }
                                    }
                                },
                                "workers": {
                                    "total": 0.1914305000006049,
                                    "count": 12391,
                                    "self": 0.0,
                                    "children": {
                                        "worker_root": {
                                            "total": 582.8955817999988,
                                            "count": 12391,
                                            "is_parallel": true,
                                            "self": 188.72350139999963,
                                            "children": {
                                                "steps_from_proto": {
                                                    "total": 0.001469699999999463,
                                                    "count": 1,
                                                    "is_parallel": true,